item_idx,benchmark,subtask,skill_ids
0,MATH,Algebra,1;2;90
1,MATH,Algebra,58
2,MATH,Algebra,2;26
3,MATH,Algebra,38;58
4,MATH,Algebra,35
5,MATH,Algebra,2;24
6,MATH,Algebra,6;30
7,MATH,Algebra,2;39
8,MATH,Algebra,1;6;35
9,MATH,Algebra,38
10,MATH,Algebra,1;6
11,MATH,Algebra,2;6
12,MATH,Algebra,6;35
13,MATH,Algebra,1;2
14,MATH,Algebra,6
15,MATH,Algebra,6
16,MATH,Algebra,1;19;74
17,MATH,Algebra,2;6
18,MATH,Algebra,6
19,MATH,Algebra,6
20,MATH,Algebra,6
21,MATH,Algebra,35
22,MATH,Algebra,1;2
23,MATH,Algebra,6
24,MATH,Algebra,2;19
25,MATH,Algebra,35
26,MATH,Algebra,6;35
27,MATH,Algebra,2;6
28,MATH,Algebra,6;35
29,MATH,Algebra,6;35
30,MATH,Algebra,38;84
31,MATH,Algebra,6;26;92
32,MATH,Algebra,19;38
33,MATH,Algebra,19;38;39
34,MATH,Algebra,35;58
35,MATH,Algebra,6;39
36,MATH,Algebra,6;90
37,MATH,Algebra,6;35
38,MATH,Algebra,1;6
39,MATH,Algebra,2
40,MATH,Algebra,6;35
41,MATH,Algebra,1;2;35
42,MATH,Algebra,1;35
43,MATH,Algebra,6;19
44,MATH,Algebra,38;90
45,MATH,Algebra,69
46,MATH,Algebra,6
47,MATH,Algebra,24;30
48,MATH,Algebra,35
49,MATH,Algebra,6;19;24
50,MATH,Algebra,2;26
51,MATH,Algebra,6
52,MATH,Algebra,6;9;10
53,MATH,Algebra,6
54,MATH,Algebra,2
55,MATH,Algebra,2;6
56,MATH,Algebra,27
57,MATH,Algebra,6;39
58,MATH,Algebra,6;19
59,MATH,Algebra,38
60,MATH,Algebra,6;39
61,MATH,Algebra,6;10
62,MATH,Algebra,6;38
63,MATH,Algebra,58
64,MATH,Algebra,16;35
65,MATH,Algebra,6;57
66,MATH,Algebra,6
67,MATH,Algebra,1;35
68,MATH,Algebra,6;35;39
69,MATH,Algebra,2;6
70,MATH,Algebra,2;16;24
71,MATH,Algebra,6;24;39
72,MATH,Algebra,35
73,MATH,Algebra,6;35
74,MATH,Algebra,2;6
75,MATH,Algebra,6
76,MATH,Algebra,6;35
77,MATH,Algebra,12;17
78,MATH,Algebra,19;90
79,MATH,Algebra,90
80,MATH,Algebra,6;17;74
81,MATH,Algebra,1;2
82,MATH,Algebra,58
83,MATH,Algebra,6
84,MATH,Algebra,6
85,MATH,Algebra,2
86,MATH,Algebra,17;36
87,MATH,Algebra,2;6
88,MATH,Algebra,6;17
89,MATH,Algebra,6
90,MATH,Algebra,0;2;6
91,MATH,Algebra,2;6
92,MATH,Algebra,6;35;55
93,MATH,Algebra,35;90
94,MATH,Algebra,2;6
95,MATH,Algebra,1;35;55
96,MATH,Algebra,19;38
97,MATH,Algebra,6;57
98,MATH,Algebra,2;6
99,MATH,Algebra,6;27;35
100,MATH,Algebra,6;19
101,MATH,Algebra,16;24
102,MATH,Algebra,6;9
103,MATH,Algebra,2;30;58
104,MATH,Algebra,38;84
105,MATH,Algebra,6
106,MATH,Algebra,1;6
107,MATH,Algebra,2
108,MATH,Algebra,2;6
109,MATH,Algebra,1;35;90
110,MATH,Algebra,6;38
111,MATH,Algebra,24;35
112,MATH,Algebra,1;6;19
113,MATH,Algebra,2;16
114,MATH,Algebra,6;16
115,MATH,Algebra,6;19
116,MATH,Algebra,6
117,MATH,Algebra,2;6
118,MATH,Algebra,2
119,MATH,Algebra,6
120,MATH,Algebra,2;19;26
121,MATH,Algebra,2;78
122,MATH,Algebra,38
123,MATH,Algebra,2;6
124,MATH,Algebra,6;57
125,MATH,Algebra,6;19;35
126,MATH,Algebra,6;19;20
127,MATH,Algebra,6;10;39
128,MATH,Algebra,19;38
129,MATH,Algebra,38
130,MATH,Algebra,2
131,MATH,Algebra,19;35
132,MATH,Algebra,2
133,MATH,Algebra,2;39
134,MATH,Algebra,6;39
135,MATH,Algebra,2;6
136,MATH,Algebra,6
137,MATH,Algebra,19;38
138,MATH,Algebra,6
139,MATH,Algebra,6;57
140,MATH,Algebra,38
141,MATH,Algebra,2;6
142,MATH,Algebra,35
143,MATH,Algebra,2;19
144,MATH,Algebra,6;35
145,MATH,Algebra,3;15
146,MATH,Algebra,6
147,MATH,Algebra,6
148,MATH,Algebra,1
149,MATH,Algebra,38
150,MATH,Algebra,6
151,MATH,Algebra,2
152,MATH,Algebra,6;38
153,MATH,Algebra,6
154,MATH,Algebra,2;97
155,MATH,Algebra,6
156,MATH,Algebra,24;35
157,MATH,Algebra,57;58;90
158,MATH,Algebra,6;39
159,MATH,Algebra,35;90
160,MATH,Algebra,1;6;35
161,MATH,Algebra,0;9;12
162,MATH,Algebra,35
163,MATH,Algebra,6;57
164,MATH,Algebra,2
165,MATH,Algebra,6;39
166,MATH,Algebra,14;27;94
167,MATH,Algebra,1;6;90
168,MATH,Algebra,6
169,MATH,Algebra,2;16
170,MATH,Algebra,6;39
171,MATH,Algebra,1;39
172,MATH,Algebra,6;39
173,MATH,Algebra,78
174,MATH,Algebra,6;35
175,MATH,Algebra,2;19
176,MATH,Algebra,2;6;26
177,MATH,Algebra,2;6;26
178,MATH,Algebra,6;19
179,MATH,Algebra,6;19
180,MATH,Algebra,2;6
181,MATH,Algebra,2
182,MATH,Algebra,6;35
183,MATH,Algebra,6;38
184,MATH,Algebra,6;39
185,MATH,Algebra,1;90
186,MATH,Algebra,6;35
187,MATH,Algebra,2;6
188,MATH,Algebra,1;35
189,MATH,Algebra,2;6
190,MATH,Algebra,38
191,MATH,Algebra,6;35
192,MATH,Algebra,2;38;55
193,MATH,Algebra,6
194,MATH,Algebra,2;6
195,MATH,Algebra,6;17
196,MATH,Algebra,6;19
197,MATH,Algebra,1;6
198,MATH,Algebra,6
199,MATH,Algebra,6
200,MATH,Algebra,6;35
201,MATH,Algebra,2
202,MATH,Algebra,6
203,MATH,Algebra,6;35
204,MATH,Algebra,2;38
205,MATH,Algebra,15;78
206,MATH,Algebra,6;19;84
207,MATH,Algebra,1;6
208,MATH,Algebra,19;90
209,MATH,Algebra,35
210,MATH,Algebra,58
211,MATH,Algebra,35;78
212,MATH,Algebra,58
213,MATH,Algebra,6
214,MATH,Algebra,6
215,MATH,Algebra,6
216,MATH,Algebra,6;35
217,MATH,Algebra,19;32
218,MATH,Algebra,19
219,MATH,Algebra,24;35
220,MATH,Algebra,2;6
221,MATH,Algebra,6;74;92
222,MATH,Algebra,90
223,MATH,Algebra,2;6
224,MATH,Algebra,6
225,MATH,Algebra,6
226,MATH,Algebra,10;38
227,MATH,Algebra,6;19
228,MATH,Algebra,35;78
229,MATH,Algebra,6;35
230,MATH,Algebra,6
231,MATH,Algebra,9;17;74
232,MATH,Algebra,6;90
233,MATH,Algebra,6;19;27
234,MATH,Algebra,58
235,MATH,Algebra,1
236,MATH,Algebra,38;58
237,MATH,Algebra,58
238,MATH,Algebra,1;35
239,MATH,Algebra,6;35;39
240,MATH,Algebra,6;90
241,MATH,Algebra,6;35;38
242,MATH,Algebra,6
243,MATH,Algebra,6
244,MATH,Algebra,1;2
245,MATH,Algebra,6;35
246,MATH,Algebra,6
247,MATH,Algebra,1;6
248,MATH,Algebra,10;35
249,MATH,Algebra,1;2;6
250,MATH,Algebra,6;19
251,MATH,Algebra,2
252,MATH,Algebra,2
253,MATH,Algebra,17;84;90
254,MATH,Algebra,58
255,MATH,Algebra,1;6
256,MATH,Algebra,6;19
257,MATH,Algebra,1;6;35
258,MATH,Algebra,6;35
259,MATH,Algebra,6
260,MATH,Algebra,6;35
261,MATH,Algebra,2
262,MATH,Algebra,2;6
263,MATH,Algebra,1;6
264,MATH,Algebra,1;2
265,MATH,Algebra,6
266,MATH,Algebra,6;19
267,MATH,Algebra,1;39
268,MATH,Algebra,19
269,MATH,Algebra,6
270,MATH,Algebra,6;90
271,MATH,Algebra,2;16
272,MATH,Algebra,2;6
273,MATH,Algebra,58;92
274,MATH,Algebra,1
275,MATH,Algebra,6;19;35
276,MATH,Algebra,2
277,MATH,Algebra,36
278,MATH,Algebra,2
279,MATH,Algebra,19;35
280,MATH,Algebra,1;6
281,MATH,Algebra,6
282,MATH,Algebra,35
283,MATH,Algebra,7;58;91
284,MATH,Algebra,2
285,MATH,Algebra,6;38
286,MATH,Algebra,6;35
287,MATH,Algebra,6;38
288,MATH,Algebra,2;19;26
289,MATH,Algebra,35
290,MATH,Algebra,89
291,MATH,Algebra,1;90
292,MATH,Algebra,2;6
293,MATH,Algebra,2;6
294,MATH,Algebra,2
295,MATH,Algebra,19;26;39
296,MATH,Algebra,1;6;90
297,MATH,Algebra,6;90
298,MATH,Algebra,2
299,MATH,Algebra,35
300,MATH,Algebra,6;35
301,MATH,Algebra,5;39;68
302,MATH,Algebra,6;38
303,MATH,Algebra,2
304,MATH,Algebra,6
305,MATH,Algebra,2;6
306,MATH,Counting & Probability,9;10;57
307,MATH,Counting & Probability,10
308,MATH,Counting & Probability,10;16
309,MATH,Counting & Probability,10
310,MATH,Counting & Probability,9;12
311,MATH,Counting & Probability,9
312,MATH,Counting & Probability,5;17
313,MATH,Counting & Probability,9
314,MATH,Counting & Probability,18;24;85
315,MATH,Counting & Probability,6;35
316,MATH,Counting & Probability,9;12
317,MATH,Counting & Probability,2;9
318,MATH,Counting & Probability,2;9
319,MATH,Counting & Probability,10
320,MATH,Counting & Probability,6;9
321,MATH,Counting & Probability,9;12
322,MATH,Counting & Probability,5;9
323,MATH,Counting & Probability,10;12
324,MATH,Counting & Probability,9;71
325,MATH,Counting & Probability,42;84
326,MATH,Counting & Probability,2
327,MATH,Counting & Probability,9;42
328,MATH,Counting & Probability,2;10;19
329,MATH,Counting & Probability,0;9
330,MATH,Counting & Probability,10;20;57
331,MATH,Counting & Probability,9;10;19
332,MATH,Counting & Probability,19
333,MATH,Counting & Probability,9
334,MATH,Counting & Probability,9;12
335,MATH,Counting & Probability,3;9
336,MATH,Counting & Probability,9
337,MATH,Counting & Probability,3;9
338,MATH,Counting & Probability,10
339,MATH,Counting & Probability,9
340,MATH,Counting & Probability,9;10
341,MATH,Counting & Probability,9
342,MATH,Counting & Probability,10
343,MATH,Counting & Probability,9;19
344,MATH,Counting & Probability,10
345,MATH,Counting & Probability,26
346,MATH,Counting & Probability,2;10
347,MATH,Counting & Probability,9
348,MATH,Counting & Probability,5;10
349,MATH,Counting & Probability,10;26;64
350,MATH,Counting & Probability,10;57
351,MATH,Counting & Probability,10
352,MATH,Counting & Probability,9;12
353,MATH,Counting & Probability,2;9
354,MATH,Counting & Probability,9;12
355,MATH,Counting & Probability,9
356,MATH,Counting & Probability,5;10;17
357,MATH,Counting & Probability,9
358,MATH,Counting & Probability,9
359,MATH,Counting & Probability,6;9
360,MATH,Counting & Probability,9;10;19
361,MATH,Counting & Probability,9;10
362,MATH,Counting & Probability,9
363,MATH,Counting & Probability,10;20;57
364,MATH,Counting & Probability,9;10;92
365,MATH,Counting & Probability,6;19
366,MATH,Counting & Probability,9;10;12
367,MATH,Counting & Probability,9
368,MATH,Counting & Probability,9
369,MATH,Counting & Probability,57;58
370,MATH,Counting & Probability,9;12
371,MATH,Counting & Probability,19;85
372,MATH,Counting & Probability,10
373,MATH,Counting & Probability,9;10;12
374,MATH,Counting & Probability,9;10;12
375,MATH,Counting & Probability,10;57
376,MATH,Counting & Probability,9
377,MATH,Counting & Probability,10;57
378,MATH,Counting & Probability,10
379,MATH,Counting & Probability,10;20
380,MATH,Counting & Probability,9;10
381,MATH,Counting & Probability,9;19
382,MATH,Counting & Probability,9;12
383,MATH,Counting & Probability,2;9
384,MATH,Counting & Probability,9;54
385,MATH,Counting & Probability,10
386,MATH,Counting & Probability,10;47
387,MATH,Counting & Probability,9;12
388,MATH,Counting & Probability,9;10;19
389,MATH,Counting & Probability,9;78
390,MATH,Counting & Probability,19;38
391,MATH,Counting & Probability,2;9;64
392,MATH,Counting & Probability,19;84
393,MATH,Counting & Probability,3;9
394,MATH,Counting & Probability,9
395,MATH,Counting & Probability,9;10
396,MATH,Counting & Probability,9;10
397,MATH,Counting & Probability,10
398,MATH,Counting & Probability,10;54
399,MATH,Counting & Probability,19
400,MATH,Counting & Probability,5;57
401,MATH,Counting & Probability,19;57
402,MATH,Counting & Probability,9;10;17
403,MATH,Counting & Probability,2;10
404,MATH,Counting & Probability,9;96
405,MATH,Counting & Probability,10;32
406,MATH,Counting & Probability,9;10
407,MATH,Counting & Probability,26
408,MATH,Counting & Probability,9
409,MATH,Counting & Probability,9;10
410,MATH,Counting & Probability,9;12
411,MATH,Counting & Probability,57;84
412,MATH,Counting & Probability,9;19;84
413,MATH,Counting & Probability,10;19
414,MATH,Counting & Probability,10;64
415,MATH,Counting & Probability,10
416,MATH,Counting & Probability,2;9;10
417,MATH,Counting & Probability,10;12
418,MATH,Counting & Probability,9
419,MATH,Counting & Probability,9;12
420,MATH,Counting & Probability,9;10
421,MATH,Counting & Probability,9;19
422,MATH,Counting & Probability,9;12;19
423,MATH,Counting & Probability,5;9
424,MATH,Counting & Probability,9;27;39
425,MATH,Counting & Probability,9;10
426,MATH,Counting & Probability,9;10
427,MATH,Counting & Probability,9;10
428,MATH,Geometry,2
429,MATH,Geometry,2
430,MATH,Geometry,2;90
431,MATH,Geometry,2
432,MATH,Geometry,2
433,MATH,Geometry,2;11
434,MATH,Geometry,2
435,MATH,Geometry,2;30
436,MATH,Geometry,2
437,MATH,Geometry,2;11;17
438,MATH,Geometry,2
439,MATH,Geometry,2
440,MATH,Geometry,2;39
441,MATH,Geometry,2;9
442,MATH,Geometry,2
443,MATH,Geometry,2;36
444,MATH,Geometry,2
445,MATH,Geometry,2
446,MATH,Geometry,2
447,MATH,Geometry,2
448,MATH,Geometry,2;11
449,MATH,Geometry,2
450,MATH,Geometry,2;39
451,MATH,Geometry,1;2
452,MATH,Geometry,2
453,MATH,Geometry,2
454,MATH,Geometry,2
455,MATH,Geometry,2
456,MATH,Geometry,2
457,MATH,Geometry,2
458,MATH,Geometry,2
459,MATH,Geometry,2
460,MATH,Geometry,2
461,MATH,Geometry,2;17
462,MATH,Geometry,2
463,MATH,Geometry,2;17
464,MATH,Geometry,2
465,MATH,Geometry,2
466,MATH,Geometry,2
467,MATH,Geometry,2
468,MATH,Geometry,2
469,MATH,Geometry,2
470,MATH,Geometry,2
471,MATH,Geometry,2;16
472,MATH,Geometry,26
473,MATH,Geometry,2
474,MATH,Geometry,2;11
475,MATH,Geometry,2
476,MATH,Geometry,2;11
477,MATH,Geometry,2
478,MATH,Geometry,2;26
479,MATH,Geometry,2;17
480,MATH,Geometry,2;17
481,MATH,Geometry,2
482,MATH,Geometry,2;26
483,MATH,Geometry,2;16;17
484,MATH,Geometry,2;17
485,MATH,Geometry,2;11
486,MATH,Geometry,2
487,MATH,Geometry,2;11
488,MATH,Geometry,2
489,MATH,Geometry,2
490,MATH,Geometry,2
491,MATH,Geometry,2
492,MATH,Geometry,2
493,MATH,Geometry,2;64
494,MATH,Geometry,2;11
495,MATH,Geometry,2
496,MATH,Geometry,2;10;64
497,MATH,Geometry,2
498,MATH,Geometry,2
499,MATH,Geometry,2
500,MATH,Geometry,2
501,MATH,Geometry,2
502,MATH,Geometry,2
503,MATH,Geometry,2
504,MATH,Geometry,2
505,MATH,Geometry,2
506,MATH,Geometry,11
507,MATH,Geometry,2
508,MATH,Geometry,2;58
509,MATH,Geometry,2
510,MATH,Geometry,2;26;64
511,MATH,Geometry,2;17
512,MATH,Geometry,2
513,MATH,Geometry,2;11;17
514,MATH,Geometry,2;16
515,MATH,Geometry,2;11
516,MATH,Geometry,2;9;10
517,MATH,Geometry,2
518,MATH,Geometry,2
519,MATH,Geometry,2
520,MATH,Geometry,2
521,MATH,Geometry,1;2
522,MATH,Geometry,2
523,MATH,Geometry,2
524,MATH,Geometry,2;64
525,MATH,Geometry,2
526,MATH,Geometry,2;17
527,MATH,Geometry,2
528,MATH,Geometry,2;26
529,MATH,Geometry,2
530,MATH,Geometry,2
531,MATH,Geometry,2
532,MATH,Geometry,2;17
533,MATH,Geometry,2
534,MATH,Geometry,2;6
535,MATH,Geometry,2;16
536,MATH,Geometry,2
537,MATH,Geometry,2
538,MATH,Geometry,2
539,MATH,Geometry,2
540,MATH,Geometry,2;17
541,MATH,Geometry,2
542,MATH,Geometry,2
543,MATH,Geometry,2;16
544,MATH,Geometry,2
545,MATH,Geometry,2
546,MATH,Geometry,2;64
547,MATH,Geometry,2;39
548,MATH,Geometry,2;26
549,MATH,Geometry,2
550,MATH,Intermediate Algebra,1;2;6
551,MATH,Intermediate Algebra,1
552,MATH,Intermediate Algebra,6;19
553,MATH,Intermediate Algebra,6
554,MATH,Intermediate Algebra,2
555,MATH,Intermediate Algebra,1;2
556,MATH,Intermediate Algebra,2
557,MATH,Intermediate Algebra,6
558,MATH,Intermediate Algebra,6
559,MATH,Intermediate Algebra,6;19;90
560,MATH,Intermediate Algebra,6;38
561,MATH,Intermediate Algebra,6;39
562,MATH,Intermediate Algebra,6
563,MATH,Intermediate Algebra,1;6
564,MATH,Intermediate Algebra,6
565,MATH,Intermediate Algebra,6;90
566,MATH,Intermediate Algebra,2;6;17
567,MATH,Intermediate Algebra,38;90
568,MATH,Intermediate Algebra,2
569,MATH,Intermediate Algebra,6;55
570,MATH,Intermediate Algebra,6;19
571,MATH,Intermediate Algebra,6;10;57
572,MATH,Intermediate Algebra,6
573,MATH,Intermediate Algebra,6;90
574,MATH,Intermediate Algebra,38
575,MATH,Intermediate Algebra,1;6;17
576,MATH,Intermediate Algebra,6
577,MATH,Intermediate Algebra,6;90
578,MATH,Intermediate Algebra,6;19
579,MATH,Intermediate Algebra,6;38
580,MATH,Intermediate Algebra,6;86
581,MATH,Intermediate Algebra,1;35
582,MATH,Intermediate Algebra,35;86;90
583,MATH,Intermediate Algebra,35;38
584,MATH,Intermediate Algebra,38;90
585,MATH,Intermediate Algebra,6;38
586,MATH,Intermediate Algebra,1;6
587,MATH,Intermediate Algebra,2;6
588,MATH,Intermediate Algebra,6;38
589,MATH,Intermediate Algebra,6;19
590,MATH,Intermediate Algebra,6
591,MATH,Intermediate Algebra,1;38
592,MATH,Intermediate Algebra,1;6;38
593,MATH,Intermediate Algebra,6;90
594,MATH,Intermediate Algebra,90
595,MATH,Intermediate Algebra,1
596,MATH,Intermediate Algebra,6;90
597,MATH,Intermediate Algebra,6;39
598,MATH,Intermediate Algebra,1
599,MATH,Intermediate Algebra,2;35
600,MATH,Intermediate Algebra,1;6
601,MATH,Intermediate Algebra,2;39
602,MATH,Intermediate Algebra,6;19
603,MATH,Intermediate Algebra,1;6;35
604,MATH,Intermediate Algebra,6
605,MATH,Intermediate Algebra,6;90
606,MATH,Intermediate Algebra,1
607,MATH,Intermediate Algebra,1;6
608,MATH,Intermediate Algebra,6
609,MATH,Intermediate Algebra,1;6
610,MATH,Intermediate Algebra,90
611,MATH,Intermediate Algebra,6;90
612,MATH,Intermediate Algebra,2;6;11
613,MATH,Intermediate Algebra,6
614,MATH,Intermediate Algebra,6
615,MATH,Intermediate Algebra,6
616,MATH,Intermediate Algebra,2
617,MATH,Intermediate Algebra,6;90
618,MATH,Intermediate Algebra,1;6
619,MATH,Intermediate Algebra,1;6;39
620,MATH,Intermediate Algebra,6;35
621,MATH,Intermediate Algebra,6;38;39
622,MATH,Intermediate Algebra,6
623,MATH,Intermediate Algebra,20;38;66
624,MATH,Intermediate Algebra,6;38
625,MATH,Intermediate Algebra,6;90
626,MATH,Intermediate Algebra,2
627,MATH,Intermediate Algebra,35;38
628,MATH,Intermediate Algebra,6;90
629,MATH,Intermediate Algebra,19;90
630,MATH,Intermediate Algebra,6;35
631,MATH,Intermediate Algebra,2
632,MATH,Intermediate Algebra,6;35
633,MATH,Intermediate Algebra,6;90
634,MATH,Intermediate Algebra,6
635,MATH,Intermediate Algebra,1;6
636,MATH,Intermediate Algebra,6;35
637,MATH,Intermediate Algebra,38
638,MATH,Intermediate Algebra,6;35;55
639,MATH,Intermediate Algebra,1
640,MATH,Intermediate Algebra,1;6
641,MATH,Intermediate Algebra,6
642,MATH,Intermediate Algebra,90
643,MATH,Intermediate Algebra,6;86
644,MATH,Intermediate Algebra,6
645,MATH,Intermediate Algebra,38;39
646,MATH,Intermediate Algebra,1;6
647,MATH,Intermediate Algebra,6
648,MATH,Intermediate Algebra,6
649,MATH,Intermediate Algebra,6
650,MATH,Intermediate Algebra,6;35
651,MATH,Intermediate Algebra,1;2;90
652,MATH,Intermediate Algebra,90
653,MATH,Intermediate Algebra,38;90
654,MATH,Intermediate Algebra,1;6
655,MATH,Intermediate Algebra,1;6
656,MATH,Intermediate Algebra,6
657,MATH,Intermediate Algebra,6;19
658,MATH,Intermediate Algebra,6
659,MATH,Intermediate Algebra,6;86
660,MATH,Intermediate Algebra,6
661,MATH,Intermediate Algebra,38
662,MATH,Intermediate Algebra,1;6
663,MATH,Intermediate Algebra,6
664,MATH,Intermediate Algebra,6;19
665,MATH,Intermediate Algebra,90
666,MATH,Intermediate Algebra,2;39
667,MATH,Intermediate Algebra,1;6;20
668,MATH,Intermediate Algebra,6
669,MATH,Intermediate Algebra,6;86
670,MATH,Intermediate Algebra,1;6;35
671,MATH,Intermediate Algebra,1;2;90
672,MATH,Intermediate Algebra,2;6
673,MATH,Intermediate Algebra,6
674,MATH,Intermediate Algebra,6
675,MATH,Intermediate Algebra,2;6
676,MATH,Intermediate Algebra,1;6
677,MATH,Intermediate Algebra,1;6
678,MATH,Intermediate Algebra,2;16
679,MATH,Intermediate Algebra,2
680,MATH,Intermediate Algebra,6;90
681,MATH,Intermediate Algebra,38
682,MATH,Intermediate Algebra,6;35
683,MATH,Intermediate Algebra,6;57
684,MATH,Intermediate Algebra,6;35
685,MATH,Intermediate Algebra,2;6
686,MATH,Intermediate Algebra,38;39;55
687,MATH,Intermediate Algebra,2
688,MATH,Intermediate Algebra,2
689,MATH,Intermediate Algebra,38;39;90
690,MATH,Intermediate Algebra,6
691,MATH,Intermediate Algebra,90
692,MATH,Intermediate Algebra,2;11
693,MATH,Intermediate Algebra,2
694,MATH,Intermediate Algebra,6
695,MATH,Intermediate Algebra,1
696,MATH,Intermediate Algebra,6
697,MATH,Intermediate Algebra,6
698,MATH,Intermediate Algebra,1;6
699,MATH,Intermediate Algebra,6
700,MATH,Intermediate Algebra,6;39
701,MATH,Intermediate Algebra,6
702,MATH,Intermediate Algebra,2
703,MATH,Intermediate Algebra,38;55
704,MATH,Intermediate Algebra,1;6
705,MATH,Intermediate Algebra,2
706,MATH,Intermediate Algebra,6;24;35
707,MATH,Intermediate Algebra,1;6
708,MATH,Intermediate Algebra,6;90
709,MATH,Intermediate Algebra,1;6
710,MATH,Intermediate Algebra,6
711,MATH,Intermediate Algebra,27;38
712,MATH,Intermediate Algebra,1
713,MATH,Intermediate Algebra,10;19;35
714,MATH,Intermediate Algebra,90
715,MATH,Intermediate Algebra,6
716,MATH,Intermediate Algebra,38;90
717,MATH,Intermediate Algebra,90
718,MATH,Intermediate Algebra,1;6
719,MATH,Intermediate Algebra,6
720,MATH,Intermediate Algebra,6;20
721,MATH,Intermediate Algebra,26;38;39
722,MATH,Intermediate Algebra,2
723,MATH,Intermediate Algebra,6;19
724,MATH,Intermediate Algebra,1;6;19
725,MATH,Intermediate Algebra,6
726,MATH,Intermediate Algebra,6;19
727,MATH,Intermediate Algebra,6
728,MATH,Intermediate Algebra,1
729,MATH,Intermediate Algebra,6;24;35
730,MATH,Intermediate Algebra,1;6
731,MATH,Intermediate Algebra,38
732,MATH,Intermediate Algebra,6;35
733,MATH,Intermediate Algebra,6;90
734,MATH,Intermediate Algebra,2;6;11
735,MATH,Intermediate Algebra,6;47;66
736,MATH,Intermediate Algebra,1;19;35
737,MATH,Intermediate Algebra,2;6
738,MATH,Intermediate Algebra,1;19
739,MATH,Intermediate Algebra,2
740,MATH,Intermediate Algebra,6;90
741,MATH,Intermediate Algebra,1;6
742,MATH,Intermediate Algebra,9;38;90
743,MATH,Intermediate Algebra,6;55
744,MATH,Intermediate Algebra,2
745,MATH,Intermediate Algebra,1;6;35
746,MATH,Intermediate Algebra,2;16
747,MATH,Intermediate Algebra,1;19;35
748,MATH,Intermediate Algebra,6;35
749,MATH,Intermediate Algebra,6;35
750,MATH,Intermediate Algebra,6;38
751,MATH,Intermediate Algebra,35
752,MATH,Intermediate Algebra,6
753,MATH,Intermediate Algebra,19;38
754,MATH,Intermediate Algebra,19
755,MATH,Intermediate Algebra,90
756,MATH,Intermediate Algebra,38
757,MATH,Intermediate Algebra,6;38
758,MATH,Intermediate Algebra,1;35
759,MATH,Intermediate Algebra,2;90
760,MATH,Intermediate Algebra,1;6
761,MATH,Intermediate Algebra,6
762,MATH,Intermediate Algebra,6;73
763,MATH,Intermediate Algebra,1;6
764,MATH,Intermediate Algebra,6;90
765,MATH,Intermediate Algebra,6
766,MATH,Intermediate Algebra,6
767,MATH,Intermediate Algebra,38;58
768,MATH,Intermediate Algebra,6;35
769,MATH,Intermediate Algebra,6
770,MATH,Intermediate Algebra,1;6
771,MATH,Intermediate Algebra,1;6
772,MATH,Intermediate Algebra,6;90
773,MATH,Intermediate Algebra,1
774,MATH,Intermediate Algebra,2
775,MATH,Intermediate Algebra,1;2
776,MATH,Intermediate Algebra,2;16
777,MATH,Intermediate Algebra,10;19;90
778,MATH,Intermediate Algebra,2;38;45
779,MATH,Intermediate Algebra,6;90
780,MATH,Intermediate Algebra,6;90
781,MATH,Intermediate Algebra,1;35
782,MATH,Intermediate Algebra,1;6
783,MATH,Intermediate Algebra,6;57
784,MATH,Intermediate Algebra,38;90
785,MATH,Intermediate Algebra,6
786,MATH,Intermediate Algebra,90
787,MATH,Intermediate Algebra,1;6
788,MATH,Intermediate Algebra,6;35
789,MATH,Intermediate Algebra,2;6
790,MATH,Intermediate Algebra,2;16
791,MATH,Intermediate Algebra,1;6
792,MATH,Intermediate Algebra,1
793,MATH,Intermediate Algebra,2;24
794,MATH,Intermediate Algebra,6;57;97
795,MATH,Intermediate Algebra,6;19
796,MATH,Intermediate Algebra,38
797,MATH,Intermediate Algebra,6
798,MATH,Intermediate Algebra,6;35
799,MATH,Intermediate Algebra,1;6;35
800,MATH,Intermediate Algebra,38
801,MATH,Intermediate Algebra,1
802,MATH,Intermediate Algebra,6
803,MATH,Intermediate Algebra,38;57
804,MATH,Intermediate Algebra,1;35
805,MATH,Intermediate Algebra,6
806,MATH,Intermediate Algebra,6;86
807,MATH,Intermediate Algebra,6
808,MATH,Number Theory,19
809,MATH,Number Theory,6;15;84
810,MATH,Number Theory,19
811,MATH,Number Theory,19;84
812,MATH,Number Theory,6;19;84
813,MATH,Number Theory,6;19;35
814,MATH,Number Theory,6;84
815,MATH,Number Theory,15;84
816,MATH,Number Theory,19;57
817,MATH,Number Theory,19
818,MATH,Number Theory,19
819,MATH,Number Theory,6;84
820,MATH,Number Theory,19
821,MATH,Number Theory,6;19
822,MATH,Number Theory,19
823,MATH,Number Theory,19
824,MATH,Number Theory,19
825,MATH,Number Theory,19
826,MATH,Number Theory,19
827,MATH,Number Theory,19;90
828,MATH,Number Theory,19
829,MATH,Number Theory,19
830,MATH,Number Theory,19;84
831,MATH,Number Theory,58
832,MATH,Number Theory,19;66
833,MATH,Number Theory,10;84
834,MATH,Number Theory,19;90
835,MATH,Number Theory,19
836,MATH,Number Theory,19;84
837,MATH,Number Theory,38
838,MATH,Number Theory,6;19
839,MATH,Number Theory,19
840,MATH,Number Theory,19
841,MATH,Number Theory,19
842,MATH,Number Theory,2;17
843,MATH,Number Theory,84
844,MATH,Number Theory,19
845,MATH,Number Theory,9;10
846,MATH,Number Theory,17;19
847,MATH,Number Theory,19
848,MATH,Number Theory,19
849,MATH,Number Theory,6;19
850,MATH,Number Theory,6;19
851,MATH,Number Theory,19;84
852,MATH,Number Theory,19
853,MATH,Number Theory,19;38
854,MATH,Number Theory,19;84
855,MATH,Number Theory,19
856,MATH,Number Theory,19
857,MATH,Number Theory,19;84
858,MATH,Number Theory,6;19
859,MATH,Number Theory,9;10;12
860,MATH,Number Theory,19
861,MATH,Number Theory,2;39
862,MATH,Number Theory,57
863,MATH,Number Theory,15;84
864,MATH,Number Theory,19
865,MATH,Number Theory,19;84
866,MATH,Number Theory,6;19
867,MATH,Number Theory,15;19;84
868,MATH,Number Theory,19
869,MATH,Number Theory,19
870,MATH,Number Theory,19
871,MATH,Number Theory,1;19
872,MATH,Number Theory,19;84
873,MATH,Number Theory,0;5
874,MATH,Number Theory,19
875,MATH,Number Theory,84
876,MATH,Number Theory,38;84
877,MATH,Number Theory,19
878,MATH,Number Theory,19
879,MATH,Number Theory,84
880,MATH,Number Theory,19
881,MATH,Number Theory,9;84
882,MATH,Number Theory,19;38;57
883,MATH,Number Theory,10;19;38
884,MATH,Number Theory,6;58;84
885,MATH,Number Theory,19
886,MATH,Number Theory,19
887,MATH,Number Theory,19;84
888,MATH,Number Theory,19
889,MATH,Number Theory,19;84;93
890,MATH,Number Theory,15;84
891,MATH,Number Theory,6;84
892,MATH,Number Theory,38
893,MATH,Number Theory,19;84
894,MATH,Number Theory,19;84
895,MATH,Number Theory,6;17;84
896,MATH,Number Theory,19
897,MATH,Number Theory,19
898,MATH,Number Theory,19
899,MATH,Number Theory,19;27
900,MATH,Number Theory,19
901,MATH,Number Theory,27;84
902,MATH,Number Theory,19;84
903,MATH,Number Theory,19
904,MATH,Number Theory,19
905,MATH,Number Theory,84
906,MATH,Number Theory,19
907,MATH,Number Theory,84
908,MATH,Number Theory,19
909,MATH,Number Theory,19
910,MATH,Number Theory,15;84
911,MATH,Number Theory,19;84
912,MATH,Number Theory,19
913,MATH,Number Theory,84
914,MATH,Number Theory,19;90
915,MATH,Number Theory,9;84
916,MATH,Number Theory,19
917,MATH,Number Theory,6;19
918,MATH,Number Theory,17;19
919,MATH,Number Theory,19
920,MATH,Number Theory,68
921,MATH,Number Theory,2;19;26
922,MATH,Number Theory,9;19;84
923,MATH,Number Theory,19
924,MATH,Number Theory,6;19;57
925,MATH,Number Theory,19;35
926,MATH,Number Theory,19
927,MATH,Number Theory,84
928,MATH,Number Theory,19
929,MATH,Number Theory,6;57
930,MATH,Number Theory,19
931,MATH,Number Theory,6;19
932,MATH,Number Theory,6;19
933,MATH,Number Theory,17;19;84
934,MATH,Number Theory,19;84
935,MATH,Number Theory,30
936,MATH,Number Theory,19
937,MATH,Number Theory,19
938,MATH,Number Theory,84
939,MATH,Number Theory,38;84
940,MATH,Number Theory,84
941,MATH,Number Theory,84
942,MATH,Number Theory,6;84
943,MATH,Number Theory,6;19;57
944,MATH,Number Theory,84
945,MATH,Number Theory,19
946,MATH,Number Theory,19
947,MATH,Number Theory,6;19;84
948,MATH,Number Theory,19;38
949,MATH,Number Theory,6;19
950,MATH,Number Theory,92
951,MATH,Number Theory,19;84
952,MATH,Number Theory,19
953,MATH,Number Theory,84
954,MATH,Number Theory,19
955,MATH,Number Theory,6;19
956,MATH,Number Theory,19
957,MATH,Number Theory,15;19;92
958,MATH,Number Theory,19;84
959,MATH,Number Theory,19
960,MATH,Number Theory,19;84
961,MATH,Prealgebra,6
962,MATH,Prealgebra,6;19
963,MATH,Prealgebra,84
964,MATH,Prealgebra,2
965,MATH,Prealgebra,2
966,MATH,Prealgebra,10
967,MATH,Prealgebra,17;18
968,MATH,Prealgebra,17;78;92
969,MATH,Prealgebra,27
970,MATH,Prealgebra,2
971,MATH,Prealgebra,19;84
972,MATH,Prealgebra,2
973,MATH,Prealgebra,2
974,MATH,Prealgebra,0;10;91
975,MATH,Prealgebra,84
976,MATH,Prealgebra,9
977,MATH,Prealgebra,2;11
978,MATH,Prealgebra,7;30
979,MATH,Prealgebra,22
980,MATH,Prealgebra,4;78;92
981,MATH,Prealgebra,19
982,MATH,Prealgebra,18
983,MATH,Prealgebra,2
984,MATH,Prealgebra,2;24;27
985,MATH,Prealgebra,6
986,MATH,Prealgebra,92
987,MATH,Prealgebra,9;19
988,MATH,Prealgebra,6;84
989,MATH,Prealgebra,2;6
990,MATH,Prealgebra,10;45
991,MATH,Prealgebra,9;19
992,MATH,Prealgebra,2;26
993,MATH,Prealgebra,2;30
994,MATH,Prealgebra,2;30
995,MATH,Prealgebra,84
996,MATH,Prealgebra,5;10;65
997,MATH,Prealgebra,30
998,MATH,Prealgebra,6;84
999,MATH,Prealgebra,84
1000,MATH,Prealgebra,19
1001,MATH,Prealgebra,19
1002,MATH,Prealgebra,17;20
1003,MATH,Prealgebra,1;19
1004,MATH,Prealgebra,6;10;19
1005,MATH,Prealgebra,2
1006,MATH,Prealgebra,5;10;91
1007,MATH,Prealgebra,27
1008,MATH,Prealgebra,15;32
1009,MATH,Prealgebra,84
1010,MATH,Prealgebra,0;19
1011,MATH,Prealgebra,19;57
1012,MATH,Prealgebra,84
1013,MATH,Prealgebra,6;57
1014,MATH,Prealgebra,2
1015,MATH,Prealgebra,2;6
1016,MATH,Prealgebra,17;42
1017,MATH,Prealgebra,10;47
1018,MATH,Prealgebra,2;26
1019,MATH,Prealgebra,2
1020,MATH,Prealgebra,2;11;42
1021,MATH,Prealgebra,19;84
1022,MATH,Prealgebra,5;24
1023,MATH,Prealgebra,6;19
1024,MATH,Prealgebra,2
1025,MATH,Prealgebra,19;84
1026,MATH,Prealgebra,19;84
1027,MATH,Prealgebra,0;6;43
1028,MATH,Prealgebra,5;10;19
1029,MATH,Prealgebra,2
1030,MATH,Prealgebra,84
1031,MATH,Prealgebra,6;26;39
1032,MATH,Prealgebra,10;41;78
1033,MATH,Prealgebra,30
1034,MATH,Prealgebra,17;57
1035,MATH,Prealgebra,2
1036,MATH,Prealgebra,6;17;74
1037,MATH,Prealgebra,54
1038,MATH,Prealgebra,6;84
1039,MATH,Prealgebra,2
1040,MATH,Prealgebra,2;16
1041,MATH,Prealgebra,2;11
1042,MATH,Prealgebra,6;39
1043,MATH,Prealgebra,17;19;57
1044,MATH,Prealgebra,27
1045,MATH,Prealgebra,2
1046,MATH,Prealgebra,0;5
1047,MATH,Prealgebra,5
1048,MATH,Prealgebra,9;19
1049,MATH,Prealgebra,2
1050,MATH,Prealgebra,2;17
1051,MATH,Prealgebra,9;19
1052,MATH,Prealgebra,19
1053,MATH,Prealgebra,17;60
1054,MATH,Prealgebra,19;84
1055,MATH,Prealgebra,9;19;84
1056,MATH,Prealgebra,2;17
1057,MATH,Prealgebra,2;11
1058,MATH,Prealgebra,32
1059,MATH,Prealgebra,0;2;30
1060,MATH,Prealgebra,17
1061,MATH,Prealgebra,84
1062,MATH,Prealgebra,10;26
1063,MATH,Prealgebra,2
1064,MATH,Prealgebra,2
1065,MATH,Prealgebra,6;57
1066,MATH,Prealgebra,6;92
1067,MATH,Prealgebra,2
1068,MATH,Prealgebra,84
1069,MATH,Prealgebra,92
1070,MATH,Prealgebra,6;17;27
1071,MATH,Prealgebra,10;20;65
1072,MATH,Prealgebra,10
1073,MATH,Prealgebra,2
1074,MATH,Prealgebra,0
1075,MATH,Prealgebra,6
1076,MATH,Prealgebra,84
1077,MATH,Prealgebra,2;6;11
1078,MATH,Prealgebra,84
1079,MATH,Prealgebra,84
1080,MATH,Prealgebra,6;26
1081,MATH,Prealgebra,2
1082,MATH,Prealgebra,2
1083,MATH,Prealgebra,19;39
1084,MATH,Prealgebra,0;43
1085,MATH,Prealgebra,0;12;17
1086,MATH,Prealgebra,17;19
1087,MATH,Prealgebra,0;10;91
1088,MATH,Prealgebra,2;11
1089,MATH,Prealgebra,6;74
1090,MATH,Prealgebra,6
1091,MATH,Prealgebra,24;31
1092,MATH,Prealgebra,19;84
1093,MATH,Prealgebra,19
1094,MATH,Prealgebra,2;19
1095,MATH,Prealgebra,10
1096,MATH,Prealgebra,32
1097,MATH,Prealgebra,2
1098,MATH,Prealgebra,2;17
1099,MATH,Prealgebra,2
1100,MATH,Prealgebra,2
1101,MATH,Prealgebra,84
1102,MATH,Prealgebra,2
1103,MATH,Prealgebra,2
1104,MATH,Prealgebra,2
1105,MATH,Prealgebra,17;20
1106,MATH,Prealgebra,6
1107,MATH,Prealgebra,6
1108,MATH,Prealgebra,30;91
1109,MATH,Prealgebra,2;11
1110,MATH,Prealgebra,19
1111,MATH,Prealgebra,2;19
1112,MATH,Prealgebra,2
1113,MATH,Prealgebra,84
1114,MATH,Prealgebra,12;27;84
1115,MATH,Prealgebra,9;12
1116,MATH,Prealgebra,6;17;84
1117,MATH,Prealgebra,10;26
1118,MATH,Prealgebra,24;27;60
1119,MATH,Prealgebra,2
1120,MATH,Prealgebra,35;74
1121,MATH,Prealgebra,17;27
1122,MATH,Prealgebra,2
1123,MATH,Prealgebra,2;30
1124,MATH,Prealgebra,2
1125,MATH,Prealgebra,2;20
1126,MATH,Prealgebra,2
1127,MATH,Prealgebra,6;19
1128,MATH,Prealgebra,2;19
1129,MATH,Prealgebra,2
1130,MATH,Prealgebra,2;17
1131,MATH,Prealgebra,68
1132,MATH,Prealgebra,2
1133,MATH,Prealgebra,2
1134,MATH,Prealgebra,19
1135,MATH,Prealgebra,1;17;19
1136,MATH,Prealgebra,6;74;78
1137,MATH,Prealgebra,2
1138,MATH,Prealgebra,19
1139,MATH,Prealgebra,19
1140,MATH,Prealgebra,6;84
1141,MATH,Prealgebra,19
1142,MATH,Prealgebra,84
1143,MATH,Prealgebra,2
1144,MATH,Prealgebra,2
1145,MATH,Prealgebra,6;19
1146,MATH,Prealgebra,19
1147,MATH,Prealgebra,1;6;74
1148,MATH,Prealgebra,9;10;39
1149,MATH,Prealgebra,6;84
1150,MATH,Prealgebra,78;84;92
1151,MATH,Prealgebra,3;9
1152,MATH,Prealgebra,2
1153,MATH,Precalculus,6;17
1154,MATH,Precalculus,11
1155,MATH,Precalculus,16
1156,MATH,Precalculus,2;16
1157,MATH,Precalculus,2;6;16
1158,MATH,Precalculus,11
1159,MATH,Precalculus,2;11
1160,MATH,Precalculus,2;16
1161,MATH,Precalculus,1;2
1162,MATH,Precalculus,11
1163,MATH,Precalculus,2;6;16
1164,MATH,Precalculus,11
1165,MATH,Precalculus,6;11
1166,MATH,Precalculus,11
1167,MATH,Precalculus,11
1168,MATH,Precalculus,2
1169,MATH,Precalculus,16
1170,MATH,Precalculus,2;6;16
1171,MATH,Precalculus,2
1172,MATH,Precalculus,2;11
1173,MATH,Precalculus,16
1174,MATH,Precalculus,2;16
1175,MATH,Precalculus,2;6;11
1176,MATH,Precalculus,90
1177,MATH,Precalculus,90
1178,MATH,Precalculus,2;39
1179,MATH,Precalculus,11
1180,MATH,Precalculus,11
1181,MATH,Precalculus,16;49
1182,MATH,Precalculus,2;11
1183,MATH,Precalculus,2;6;11
1184,MATH,Precalculus,2;90
1185,MATH,Precalculus,11;38
1186,MATH,Precalculus,6;49
1187,MATH,Precalculus,11
1188,MATH,Precalculus,16
1189,MATH,Precalculus,2;11
1190,MATH,Precalculus,11
1191,MATH,Precalculus,6;39;73
1192,MATH,Precalculus,11
1193,MATH,Precalculus,16
1194,MATH,Precalculus,2;11
1195,MATH,Precalculus,6;11
1196,MATH,Precalculus,16;73
1197,MATH,Precalculus,16
1198,MATH,Precalculus,2;11
1199,MATH,Precalculus,6;73
1200,MATH,Precalculus,16;64
1201,MATH,Precalculus,11
1202,MATH,Precalculus,6;73
1203,MATH,Precalculus,6;11
1204,MATH,Precalculus,2;38
1205,MATH,Precalculus,2;11
1206,MATH,Precalculus,11
1207,MATH,Precalculus,16
1208,MATH,Precalculus,6;16
1209,MATH,Precalculus,2;11;24
1210,MATH,Precalculus,1;11
1211,MATH,Precalculus,2
1212,MATH,Precalculus,16
1213,MATH,Precalculus,16;73
1214,MATH,Precalculus,6;16
1215,MATH,Precalculus,26;73
1216,MATH,Precalculus,90
1217,MATH,Precalculus,2;11
1218,MATH,Precalculus,2;11
1219,MATH,Precalculus,2;11
1220,MATH,Precalculus,2
1221,MATH,Precalculus,11
1222,MATH,Precalculus,6;11
1223,MATH,Precalculus,11
1224,MATH,Precalculus,6;35
1225,MATH,Precalculus,6;90
1226,MATH,Precalculus,16
1227,MATH,Precalculus,11;24
1228,MATH,Precalculus,2;30
1229,MATH,Precalculus,2
1230,MATH,Precalculus,11;90
1231,MATH,Precalculus,1;2
1232,MATH,Precalculus,6;16;52
1233,MATH,Precalculus,2;6;16
1234,MATH,Precalculus,2;90
1235,MATH,Precalculus,16;49
1236,MATH,Precalculus,38;90
1237,MATH,Precalculus,16;26;73
1238,MATH,Precalculus,2;6
1239,MATH,Precalculus,16;49
1240,MATH,Precalculus,2
1241,MATH,Precalculus,2;24
1242,MATH,Precalculus,2
1243,MATH,Precalculus,2;64
1244,MATH,Precalculus,2;11;16
1245,MATH,Precalculus,2
1246,MATH,Precalculus,2;16
1247,MATH,Precalculus,11
1248,MATH,Precalculus,11
1249,MATH,Precalculus,11
1250,MATH,Precalculus,6;11
1251,MATH,Precalculus,2;11
1252,MATH,Precalculus,2;16
1253,MATH,Precalculus,6;11
1254,MATH,Precalculus,11
1255,MATH,Precalculus,6;35;38
1256,MATH,Precalculus,11
1257,MATH,Precalculus,6;90
1258,MATH,Precalculus,2;6
1259,MATH,Precalculus,2;6;16
1260,MATH,Precalculus,1;6;16
1261,MATH,Precalculus,2
1262,MATH,Precalculus,2
1263,MATH,Precalculus,2;11
1264,MATH,Precalculus,2;16
1265,MATH,Precalculus,2
1266,MATH,Precalculus,2;6
1267,MATH,Precalculus,9;11
1268,MATH,Precalculus,11
1269,MATH,Precalculus,11
1270,MATH,Precalculus,6;16
1271,MATH,Precalculus,2;16
1272,MATH,Precalculus,11
1273,MATH,Precalculus,2;16
1274,MATH,Precalculus,6;11;19
1275,MATH,Precalculus,2;16
1276,MATH,Precalculus,11;19
1277,MATH,Precalculus,2;6
1278,BBH,boolean_expressions,74
1279,BBH,boolean_expressions,74
1280,BBH,boolean_expressions,74
1281,BBH,boolean_expressions,74
1282,BBH,boolean_expressions,74
1283,BBH,boolean_expressions,74
1284,BBH,boolean_expressions,74
1285,BBH,boolean_expressions,74
1286,BBH,boolean_expressions,74
1287,BBH,boolean_expressions,74
1288,BBH,boolean_expressions,74
1289,BBH,boolean_expressions,74
1290,BBH,boolean_expressions,74
1291,BBH,boolean_expressions,74
1292,BBH,boolean_expressions,74
1293,BBH,boolean_expressions,74
1294,BBH,boolean_expressions,74
1295,BBH,boolean_expressions,74
1296,BBH,boolean_expressions,74
1297,BBH,boolean_expressions,74
1298,BBH,boolean_expressions,74
1299,BBH,boolean_expressions,74
1300,BBH,boolean_expressions,74
1301,BBH,boolean_expressions,74
1302,BBH,boolean_expressions,74
1303,BBH,boolean_expressions,74
1304,BBH,boolean_expressions,74
1305,BBH,boolean_expressions,74
1306,BBH,boolean_expressions,74
1307,BBH,boolean_expressions,74
1308,BBH,boolean_expressions,74
1309,BBH,boolean_expressions,74
1310,BBH,boolean_expressions,74
1311,BBH,boolean_expressions,74
1312,BBH,boolean_expressions,74
1313,BBH,boolean_expressions,74
1314,BBH,boolean_expressions,74
1315,BBH,boolean_expressions,74
1316,BBH,boolean_expressions,74
1317,BBH,boolean_expressions,74
1318,BBH,boolean_expressions,74
1319,BBH,boolean_expressions,74
1320,BBH,boolean_expressions,74
1321,BBH,boolean_expressions,74
1322,BBH,boolean_expressions,74
1323,BBH,boolean_expressions,74
1324,BBH,boolean_expressions,74
1325,BBH,boolean_expressions,74
1326,BBH,boolean_expressions,74
1327,BBH,boolean_expressions,74
1328,BBH,boolean_expressions,74
1329,BBH,boolean_expressions,74
1330,BBH,boolean_expressions,74
1331,BBH,boolean_expressions,74
1332,BBH,boolean_expressions,74
1333,BBH,boolean_expressions,74
1334,BBH,boolean_expressions,74
1335,BBH,boolean_expressions,74
1336,BBH,boolean_expressions,74
1337,BBH,boolean_expressions,74
1338,BBH,boolean_expressions,74
1339,BBH,boolean_expressions,74
1340,BBH,boolean_expressions,74
1341,BBH,boolean_expressions,74
1342,BBH,boolean_expressions,74
1343,BBH,boolean_expressions,74
1344,BBH,boolean_expressions,74
1345,BBH,boolean_expressions,74
1346,BBH,boolean_expressions,74
1347,BBH,boolean_expressions,74
1348,BBH,boolean_expressions,74
1349,BBH,boolean_expressions,74
1350,BBH,boolean_expressions,74
1351,BBH,boolean_expressions,74
1352,BBH,boolean_expressions,74
1353,BBH,boolean_expressions,74
1354,BBH,boolean_expressions,74
1355,BBH,boolean_expressions,74
1356,BBH,boolean_expressions,74
1357,BBH,boolean_expressions,74
1358,BBH,boolean_expressions,74
1359,BBH,boolean_expressions,74
1360,BBH,boolean_expressions,74
1361,BBH,boolean_expressions,74
1362,BBH,boolean_expressions,74
1363,BBH,boolean_expressions,74
1364,BBH,boolean_expressions,74
1365,BBH,boolean_expressions,74
1366,BBH,boolean_expressions,74
1367,BBH,boolean_expressions,74
1368,BBH,boolean_expressions,74
1369,BBH,boolean_expressions,74
1370,BBH,boolean_expressions,74
1371,BBH,boolean_expressions,74
1372,BBH,boolean_expressions,74
1373,BBH,boolean_expressions,74
1374,BBH,boolean_expressions,74
1375,BBH,boolean_expressions,74
1376,BBH,boolean_expressions,74
1377,BBH,boolean_expressions,74
1378,BBH,boolean_expressions,74
1379,BBH,boolean_expressions,74
1380,BBH,boolean_expressions,74
1381,BBH,boolean_expressions,74
1382,BBH,boolean_expressions,74
1383,BBH,boolean_expressions,74
1384,BBH,boolean_expressions,74
1385,BBH,boolean_expressions,74
1386,BBH,boolean_expressions,74
1387,BBH,boolean_expressions,74
1388,BBH,boolean_expressions,74
1389,BBH,boolean_expressions,74
1390,BBH,boolean_expressions,74
1391,BBH,boolean_expressions,74
1392,BBH,boolean_expressions,74
1393,BBH,boolean_expressions,74
1394,BBH,boolean_expressions,74
1395,BBH,boolean_expressions,74
1396,BBH,boolean_expressions,74
1397,BBH,boolean_expressions,74
1398,BBH,boolean_expressions,74
1399,BBH,boolean_expressions,74
1400,BBH,boolean_expressions,74
1401,BBH,boolean_expressions,74
1402,BBH,boolean_expressions,74
1403,BBH,boolean_expressions,74
1404,BBH,boolean_expressions,74
1405,BBH,boolean_expressions,74
1406,BBH,boolean_expressions,74
1407,BBH,boolean_expressions,74
1408,BBH,boolean_expressions,74
1409,BBH,boolean_expressions,74
1410,BBH,boolean_expressions,74
1411,BBH,boolean_expressions,74
1412,BBH,boolean_expressions,74
1413,BBH,boolean_expressions,74
1414,BBH,boolean_expressions,74
1415,BBH,boolean_expressions,74
1416,BBH,boolean_expressions,74
1417,BBH,boolean_expressions,74
1418,BBH,boolean_expressions,74
1419,BBH,boolean_expressions,74
1420,BBH,boolean_expressions,74
1421,BBH,boolean_expressions,74
1422,BBH,boolean_expressions,74
1423,BBH,boolean_expressions,74
1424,BBH,boolean_expressions,74
1425,BBH,boolean_expressions,74
1426,BBH,boolean_expressions,74
1427,BBH,boolean_expressions,74
1428,BBH,boolean_expressions,74
1429,BBH,boolean_expressions,74
1430,BBH,boolean_expressions,74
1431,BBH,boolean_expressions,74
1432,BBH,boolean_expressions,74
1433,BBH,boolean_expressions,74
1434,BBH,boolean_expressions,74
1435,BBH,boolean_expressions,74
1436,BBH,boolean_expressions,74
1437,BBH,boolean_expressions,74
1438,BBH,boolean_expressions,74
1439,BBH,boolean_expressions,74
1440,BBH,boolean_expressions,74
1441,BBH,boolean_expressions,74
1442,BBH,boolean_expressions,74
1443,BBH,boolean_expressions,74
1444,BBH,boolean_expressions,74
1445,BBH,boolean_expressions,74
1446,BBH,boolean_expressions,74
1447,BBH,boolean_expressions,74
1448,BBH,boolean_expressions,74
1449,BBH,boolean_expressions,74
1450,BBH,boolean_expressions,74
1451,BBH,boolean_expressions,74
1452,BBH,boolean_expressions,74
1453,BBH,boolean_expressions,74
1454,BBH,boolean_expressions,74
1455,BBH,boolean_expressions,74
1456,BBH,boolean_expressions,74
1457,BBH,boolean_expressions,74
1458,BBH,boolean_expressions,74
1459,BBH,boolean_expressions,74
1460,BBH,boolean_expressions,74
1461,BBH,boolean_expressions,74
1462,BBH,boolean_expressions,74
1463,BBH,boolean_expressions,74
1464,BBH,boolean_expressions,74
1465,BBH,boolean_expressions,74
1466,BBH,boolean_expressions,74
1467,BBH,boolean_expressions,74
1468,BBH,boolean_expressions,74
1469,BBH,boolean_expressions,74
1470,BBH,boolean_expressions,74
1471,BBH,boolean_expressions,74
1472,BBH,boolean_expressions,74
1473,BBH,boolean_expressions,74
1474,BBH,boolean_expressions,74
1475,BBH,boolean_expressions,74
1476,BBH,boolean_expressions,74
1477,BBH,boolean_expressions,74
1478,BBH,boolean_expressions,74
1479,BBH,boolean_expressions,74
1480,BBH,boolean_expressions,74
1481,BBH,boolean_expressions,74
1482,BBH,boolean_expressions,74
1483,BBH,boolean_expressions,74
1484,BBH,boolean_expressions,74
1485,BBH,boolean_expressions,74
1486,BBH,boolean_expressions,74
1487,BBH,boolean_expressions,74
1488,BBH,boolean_expressions,74
1489,BBH,boolean_expressions,74
1490,BBH,boolean_expressions,74
1491,BBH,boolean_expressions,74
1492,BBH,boolean_expressions,74
1493,BBH,boolean_expressions,74
1494,BBH,boolean_expressions,74
1495,BBH,boolean_expressions,74
1496,BBH,boolean_expressions,74
1497,BBH,boolean_expressions,74
1498,BBH,boolean_expressions,74
1499,BBH,boolean_expressions,74
1500,BBH,boolean_expressions,74
1501,BBH,boolean_expressions,74
1502,BBH,boolean_expressions,74
1503,BBH,boolean_expressions,74
1504,BBH,boolean_expressions,74
1505,BBH,boolean_expressions,74
1506,BBH,boolean_expressions,74
1507,BBH,boolean_expressions,74
1508,BBH,boolean_expressions,74
1509,BBH,boolean_expressions,74
1510,BBH,boolean_expressions,74
1511,BBH,boolean_expressions,74
1512,BBH,boolean_expressions,74
1513,BBH,boolean_expressions,74
1514,BBH,boolean_expressions,74
1515,BBH,boolean_expressions,74
1516,BBH,boolean_expressions,74
1517,BBH,boolean_expressions,74
1518,BBH,boolean_expressions,74
1519,BBH,boolean_expressions,74
1520,BBH,boolean_expressions,74
1521,BBH,boolean_expressions,74
1522,BBH,boolean_expressions,74
1523,BBH,boolean_expressions,74
1524,BBH,boolean_expressions,74
1525,BBH,boolean_expressions,74
1526,BBH,boolean_expressions,74
1527,BBH,boolean_expressions,74
1528,BBH,causal_judgement,13
1529,BBH,causal_judgement,7;12
1530,BBH,causal_judgement,0;7;12
1531,BBH,causal_judgement,7
1532,BBH,causal_judgement,7;12
1533,BBH,causal_judgement,0;7;97
1534,BBH,causal_judgement,7;12
1535,BBH,causal_judgement,5;7
1536,BBH,causal_judgement,12
1537,BBH,causal_judgement,7;12;13
1538,BBH,causal_judgement,13
1539,BBH,causal_judgement,78
1540,BBH,causal_judgement,13
1541,BBH,causal_judgement,7
1542,BBH,causal_judgement,7;13
1543,BBH,causal_judgement,70
1544,BBH,causal_judgement,7;12
1545,BBH,causal_judgement,0;7
1546,BBH,causal_judgement,7;12
1547,BBH,causal_judgement,7
1548,BBH,causal_judgement,7;12;70
1549,BBH,causal_judgement,12;51
1550,BBH,causal_judgement,7;12
1551,BBH,causal_judgement,12
1552,BBH,causal_judgement,5;7;12
1553,BBH,causal_judgement,7;22
1554,BBH,causal_judgement,5;7
1555,BBH,causal_judgement,7;12;13
1556,BBH,causal_judgement,7;42;97
1557,BBH,causal_judgement,7;13
1558,BBH,causal_judgement,0;37
1559,BBH,causal_judgement,7
1560,BBH,causal_judgement,0;7;13
1561,BBH,causal_judgement,7
1562,BBH,causal_judgement,7;12;76
1563,BBH,causal_judgement,0;70
1564,BBH,causal_judgement,0;7;12
1565,BBH,causal_judgement,7;12;97
1566,BBH,causal_judgement,47;83
1567,BBH,causal_judgement,9;12
1568,BBH,causal_judgement,78
1569,BBH,causal_judgement,0;7
1570,BBH,causal_judgement,7;12
1571,BBH,causal_judgement,7
1572,BBH,causal_judgement,7;12
1573,BBH,causal_judgement,47
1574,BBH,causal_judgement,12
1575,BBH,causal_judgement,97
1576,BBH,causal_judgement,7;12
1577,BBH,causal_judgement,13;64
1578,BBH,causal_judgement,5;7
1579,BBH,causal_judgement,37;42
1580,BBH,causal_judgement,7;12
1581,BBH,causal_judgement,7;12
1582,BBH,causal_judgement,0;22;43
1583,BBH,causal_judgement,5;7
1584,BBH,causal_judgement,7;12
1585,BBH,causal_judgement,78
1586,BBH,causal_judgement,7;12;42
1587,BBH,causal_judgement,0;7;12
1588,BBH,causal_judgement,22;43
1589,BBH,causal_judgement,12
1590,BBH,causal_judgement,7;12
1591,BBH,causal_judgement,7;13;23
1592,BBH,causal_judgement,12
1593,BBH,causal_judgement,12
1594,BBH,causal_judgement,12
1595,BBH,causal_judgement,5;76
1596,BBH,causal_judgement,7;12
1597,BBH,causal_judgement,70
1598,BBH,causal_judgement,0;70
1599,BBH,causal_judgement,7
1600,BBH,causal_judgement,7;12
1601,BBH,causal_judgement,7;12
1602,BBH,causal_judgement,7;12
1603,BBH,causal_judgement,12
1604,BBH,causal_judgement,7;70
1605,BBH,causal_judgement,7;12
1606,BBH,causal_judgement,7;12
1607,BBH,causal_judgement,7;70
1608,BBH,causal_judgement,5;22
1609,BBH,causal_judgement,7;22
1610,BBH,causal_judgement,47
1611,BBH,causal_judgement,7;12
1612,BBH,causal_judgement,12
1613,BBH,causal_judgement,12;13
1614,BBH,causal_judgement,9;12
1615,BBH,causal_judgement,7;13;68
1616,BBH,causal_judgement,13
1617,BBH,causal_judgement,7;47
1618,BBH,causal_judgement,78
1619,BBH,causal_judgement,7
1620,BBH,causal_judgement,7
1621,BBH,causal_judgement,5;7
1622,BBH,causal_judgement,7;12
1623,BBH,causal_judgement,7;12;42
1624,BBH,causal_judgement,7
1625,BBH,causal_judgement,0;12
1626,BBH,causal_judgement,12
1627,BBH,causal_judgement,7;9;12
1628,BBH,causal_judgement,12;76
1629,BBH,causal_judgement,7;13
1630,BBH,causal_judgement,7;13
1631,BBH,causal_judgement,12
1632,BBH,causal_judgement,0;7;12
1633,BBH,causal_judgement,7;12
1634,BBH,causal_judgement,12
1635,BBH,causal_judgement,7
1636,BBH,causal_judgement,7;12
1637,BBH,causal_judgement,12
1638,BBH,causal_judgement,70
1639,BBH,causal_judgement,7;12
1640,BBH,causal_judgement,5;12
1641,BBH,causal_judgement,12;70
1642,BBH,causal_judgement,12
1643,BBH,causal_judgement,7;8;70
1644,BBH,causal_judgement,9;12
1645,BBH,causal_judgement,0;22
1646,BBH,causal_judgement,7;12
1647,BBH,causal_judgement,13
1648,BBH,causal_judgement,7;12
1649,BBH,causal_judgement,7
1650,BBH,causal_judgement,12
1651,BBH,causal_judgement,7;12
1652,BBH,causal_judgement,12;40
1653,BBH,causal_judgement,7;12
1654,BBH,causal_judgement,7;12
1655,BBH,causal_judgement,7
1656,BBH,causal_judgement,0;7
1657,BBH,causal_judgement,12;22
1658,BBH,causal_judgement,47
1659,BBH,causal_judgement,7;40
1660,BBH,causal_judgement,5;22
1661,BBH,causal_judgement,22;43
1662,BBH,causal_judgement,0;7;13
1663,BBH,causal_judgement,5;7;12
1664,BBH,causal_judgement,7;12
1665,BBH,causal_judgement,7
1666,BBH,causal_judgement,7;12;13
1667,BBH,causal_judgement,9;12
1668,BBH,causal_judgement,7;8;70
1669,BBH,causal_judgement,7;12;47
1670,BBH,causal_judgement,7;12
1671,BBH,causal_judgement,9;12
1672,BBH,causal_judgement,5;7
1673,BBH,causal_judgement,5;7;22
1674,BBH,causal_judgement,7;47
1675,BBH,causal_judgement,0;7;76
1676,BBH,causal_judgement,7
1677,BBH,causal_judgement,5;12
1678,BBH,causal_judgement,5;7
1679,BBH,causal_judgement,7
1680,BBH,causal_judgement,5;7;12
1681,BBH,causal_judgement,7;12
1682,BBH,causal_judgement,0;7
1683,BBH,causal_judgement,7;12
1684,BBH,causal_judgement,7;12
1685,BBH,causal_judgement,7;12
1686,BBH,causal_judgement,7;13
1687,BBH,causal_judgement,0;70
1688,BBH,causal_judgement,0;7;12
1689,BBH,causal_judgement,7;12
1690,BBH,causal_judgement,7;30;42
1691,BBH,causal_judgement,12
1692,BBH,causal_judgement,0;5;7
1693,BBH,causal_judgement,12;70
1694,BBH,causal_judgement,97
1695,BBH,causal_judgement,7;12
1696,BBH,causal_judgement,13
1697,BBH,causal_judgement,0;5;20
1698,BBH,causal_judgement,0;12
1699,BBH,causal_judgement,47
1700,BBH,causal_judgement,12;51
1701,BBH,causal_judgement,0;5;12
1702,BBH,causal_judgement,7;12
1703,BBH,causal_judgement,7;12
1704,BBH,causal_judgement,7
1705,BBH,causal_judgement,7
1706,BBH,causal_judgement,13;27;76
1707,BBH,causal_judgement,12
1708,BBH,causal_judgement,0;7
1709,BBH,causal_judgement,12;70
1710,BBH,causal_judgement,7;12
1711,BBH,causal_judgement,5;7;12
1712,BBH,causal_judgement,7;13
1713,BBH,causal_judgement,7;37
1714,BBH,causal_judgement,0;7;12
1715,BBH,date_understanding,68
1716,BBH,date_understanding,68
1717,BBH,date_understanding,68
1718,BBH,date_understanding,68
1719,BBH,date_understanding,68
1720,BBH,date_understanding,68
1721,BBH,date_understanding,68
1722,BBH,date_understanding,68
1723,BBH,date_understanding,68
1724,BBH,date_understanding,68
1725,BBH,date_understanding,68
1726,BBH,date_understanding,68
1727,BBH,date_understanding,68
1728,BBH,date_understanding,68
1729,BBH,date_understanding,68
1730,BBH,date_understanding,68
1731,BBH,date_understanding,68
1732,BBH,date_understanding,68
1733,BBH,date_understanding,68
1734,BBH,date_understanding,68
1735,BBH,date_understanding,68
1736,BBH,date_understanding,68
1737,BBH,date_understanding,68
1738,BBH,date_understanding,68
1739,BBH,date_understanding,68
1740,BBH,date_understanding,68
1741,BBH,date_understanding,68
1742,BBH,date_understanding,0;68
1743,BBH,date_understanding,68
1744,BBH,date_understanding,68
1745,BBH,date_understanding,68
1746,BBH,date_understanding,68
1747,BBH,date_understanding,68
1748,BBH,date_understanding,68
1749,BBH,date_understanding,68
1750,BBH,date_understanding,68
1751,BBH,date_understanding,68
1752,BBH,date_understanding,68
1753,BBH,date_understanding,7;68
1754,BBH,date_understanding,68
1755,BBH,date_understanding,68
1756,BBH,date_understanding,68
1757,BBH,date_understanding,68
1758,BBH,date_understanding,68
1759,BBH,date_understanding,68
1760,BBH,date_understanding,68
1761,BBH,date_understanding,68
1762,BBH,date_understanding,68
1763,BBH,date_understanding,68
1764,BBH,date_understanding,68
1765,BBH,date_understanding,68
1766,BBH,date_understanding,68
1767,BBH,date_understanding,68
1768,BBH,date_understanding,68
1769,BBH,date_understanding,68
1770,BBH,date_understanding,68
1771,BBH,date_understanding,68
1772,BBH,date_understanding,68
1773,BBH,date_understanding,68
1774,BBH,date_understanding,68
1775,BBH,date_understanding,68
1776,BBH,date_understanding,68
1777,BBH,date_understanding,68
1778,BBH,date_understanding,68
1779,BBH,date_understanding,68
1780,BBH,date_understanding,68
1781,BBH,date_understanding,68
1782,BBH,date_understanding,68
1783,BBH,date_understanding,68
1784,BBH,date_understanding,68
1785,BBH,date_understanding,68
1786,BBH,date_understanding,0;68
1787,BBH,date_understanding,68
1788,BBH,date_understanding,68
1789,BBH,date_understanding,68
1790,BBH,date_understanding,68
1791,BBH,date_understanding,68
1792,BBH,date_understanding,68
1793,BBH,date_understanding,68
1794,BBH,date_understanding,68
1795,BBH,date_understanding,68
1796,BBH,date_understanding,68
1797,BBH,date_understanding,68
1798,BBH,date_understanding,68
1799,BBH,date_understanding,68
1800,BBH,date_understanding,68
1801,BBH,date_understanding,68
1802,BBH,date_understanding,68
1803,BBH,date_understanding,68
1804,BBH,date_understanding,68
1805,BBH,date_understanding,68
1806,BBH,date_understanding,68
1807,BBH,date_understanding,68
1808,BBH,date_understanding,0;68
1809,BBH,date_understanding,68
1810,BBH,date_understanding,68
1811,BBH,date_understanding,68
1812,BBH,date_understanding,68
1813,BBH,date_understanding,68
1814,BBH,date_understanding,68
1815,BBH,date_understanding,68
1816,BBH,date_understanding,68
1817,BBH,date_understanding,68
1818,BBH,date_understanding,68
1819,BBH,date_understanding,68
1820,BBH,date_understanding,68
1821,BBH,date_understanding,68
1822,BBH,date_understanding,68
1823,BBH,date_understanding,68
1824,BBH,date_understanding,68
1825,BBH,date_understanding,68
1826,BBH,date_understanding,68
1827,BBH,date_understanding,68
1828,BBH,date_understanding,68
1829,BBH,date_understanding,68
1830,BBH,date_understanding,68
1831,BBH,date_understanding,7;68
1832,BBH,date_understanding,68
1833,BBH,date_understanding,68
1834,BBH,date_understanding,68
1835,BBH,date_understanding,68
1836,BBH,date_understanding,68
1837,BBH,date_understanding,68
1838,BBH,date_understanding,68
1839,BBH,date_understanding,68
1840,BBH,date_understanding,68
1841,BBH,date_understanding,68
1842,BBH,date_understanding,68
1843,BBH,date_understanding,68
1844,BBH,date_understanding,68
1845,BBH,date_understanding,68
1846,BBH,date_understanding,68
1847,BBH,date_understanding,68
1848,BBH,date_understanding,68
1849,BBH,date_understanding,68
1850,BBH,date_understanding,68
1851,BBH,date_understanding,68
1852,BBH,date_understanding,68
1853,BBH,date_understanding,68
1854,BBH,date_understanding,68
1855,BBH,date_understanding,68
1856,BBH,date_understanding,68
1857,BBH,date_understanding,68
1858,BBH,date_understanding,68
1859,BBH,date_understanding,68
1860,BBH,date_understanding,68
1861,BBH,date_understanding,68
1862,BBH,date_understanding,68
1863,BBH,date_understanding,68
1864,BBH,date_understanding,68
1865,BBH,date_understanding,68
1866,BBH,date_understanding,68
1867,BBH,date_understanding,68
1868,BBH,date_understanding,68
1869,BBH,date_understanding,68
1870,BBH,date_understanding,68
1871,BBH,date_understanding,68
1872,BBH,date_understanding,68
1873,BBH,date_understanding,68
1874,BBH,date_understanding,68
1875,BBH,date_understanding,68
1876,BBH,date_understanding,68
1877,BBH,date_understanding,68
1878,BBH,date_understanding,68
1879,BBH,date_understanding,68
1880,BBH,date_understanding,68
1881,BBH,date_understanding,68
1882,BBH,date_understanding,68
1883,BBH,date_understanding,68
1884,BBH,date_understanding,68
1885,BBH,date_understanding,68
1886,BBH,date_understanding,68
1887,BBH,date_understanding,68
1888,BBH,date_understanding,68
1889,BBH,date_understanding,68
1890,BBH,date_understanding,68
1891,BBH,date_understanding,68
1892,BBH,date_understanding,68
1893,BBH,date_understanding,68
1894,BBH,date_understanding,68
1895,BBH,date_understanding,68
1896,BBH,date_understanding,68
1897,BBH,date_understanding,68
1898,BBH,date_understanding,68
1899,BBH,date_understanding,68
1900,BBH,date_understanding,68
1901,BBH,date_understanding,68
1902,BBH,date_understanding,68
1903,BBH,date_understanding,0;68
1904,BBH,date_understanding,68
1905,BBH,date_understanding,68
1906,BBH,date_understanding,68
1907,BBH,date_understanding,68
1908,BBH,date_understanding,68
1909,BBH,date_understanding,68
1910,BBH,date_understanding,68
1911,BBH,date_understanding,68
1912,BBH,date_understanding,68
1913,BBH,date_understanding,68
1914,BBH,date_understanding,68
1915,BBH,date_understanding,68
1916,BBH,date_understanding,68
1917,BBH,date_understanding,68
1918,BBH,date_understanding,68
1919,BBH,date_understanding,68
1920,BBH,date_understanding,68
1921,BBH,date_understanding,68
1922,BBH,date_understanding,68
1923,BBH,date_understanding,68
1924,BBH,date_understanding,68
1925,BBH,date_understanding,68
1926,BBH,date_understanding,68
1927,BBH,date_understanding,68
1928,BBH,date_understanding,68
1929,BBH,date_understanding,68
1930,BBH,date_understanding,68
1931,BBH,date_understanding,68
1932,BBH,date_understanding,68
1933,BBH,date_understanding,68
1934,BBH,date_understanding,68
1935,BBH,date_understanding,68
1936,BBH,date_understanding,68
1937,BBH,date_understanding,68
1938,BBH,date_understanding,68
1939,BBH,date_understanding,68
1940,BBH,date_understanding,68
1941,BBH,date_understanding,68
1942,BBH,date_understanding,68
1943,BBH,date_understanding,68
1944,BBH,date_understanding,68
1945,BBH,date_understanding,68
1946,BBH,date_understanding,68
1947,BBH,date_understanding,68
1948,BBH,date_understanding,68
1949,BBH,date_understanding,68
1950,BBH,date_understanding,68
1951,BBH,date_understanding,68
1952,BBH,date_understanding,68
1953,BBH,date_understanding,68
1954,BBH,date_understanding,68
1955,BBH,date_understanding,68
1956,BBH,date_understanding,68
1957,BBH,date_understanding,68
1958,BBH,date_understanding,68
1959,BBH,date_understanding,68
1960,BBH,date_understanding,68
1961,BBH,date_understanding,68
1962,BBH,date_understanding,68
1963,BBH,date_understanding,68
1964,BBH,date_understanding,68
1965,BBH,disambiguation_qa,7;97
1966,BBH,disambiguation_qa,97
1967,BBH,disambiguation_qa,7;97
1968,BBH,disambiguation_qa,7;97
1969,BBH,disambiguation_qa,7;97
1970,BBH,disambiguation_qa,7;97
1971,BBH,disambiguation_qa,97
1972,BBH,disambiguation_qa,7;97
1973,BBH,disambiguation_qa,7;97
1974,BBH,disambiguation_qa,97
1975,BBH,disambiguation_qa,7;97
1976,BBH,disambiguation_qa,97
1977,BBH,disambiguation_qa,7;97
1978,BBH,disambiguation_qa,97
1979,BBH,disambiguation_qa,97
1980,BBH,disambiguation_qa,7;97
1981,BBH,disambiguation_qa,7;97
1982,BBH,disambiguation_qa,7;97
1983,BBH,disambiguation_qa,97
1984,BBH,disambiguation_qa,7;97
1985,BBH,disambiguation_qa,7;97
1986,BBH,disambiguation_qa,7;97
1987,BBH,disambiguation_qa,7;97
1988,BBH,disambiguation_qa,97
1989,BBH,disambiguation_qa,7;97
1990,BBH,disambiguation_qa,7;97
1991,BBH,disambiguation_qa,7;97
1992,BBH,disambiguation_qa,97
1993,BBH,disambiguation_qa,7;97
1994,BBH,disambiguation_qa,7;97
1995,BBH,disambiguation_qa,7;97
1996,BBH,disambiguation_qa,97
1997,BBH,disambiguation_qa,7;97
1998,BBH,disambiguation_qa,7;97
1999,BBH,disambiguation_qa,7;97
2000,BBH,disambiguation_qa,97
2001,BBH,disambiguation_qa,97
2002,BBH,disambiguation_qa,97
2003,BBH,disambiguation_qa,97
2004,BBH,disambiguation_qa,7;97
2005,BBH,disambiguation_qa,7;97
2006,BBH,disambiguation_qa,7;97
2007,BBH,disambiguation_qa,97
2008,BBH,disambiguation_qa,97
2009,BBH,disambiguation_qa,97
2010,BBH,disambiguation_qa,7;97
2011,BBH,disambiguation_qa,97
2012,BBH,disambiguation_qa,7;97
2013,BBH,disambiguation_qa,7;97
2014,BBH,disambiguation_qa,7;97
2015,BBH,disambiguation_qa,97
2016,BBH,disambiguation_qa,97
2017,BBH,disambiguation_qa,7;97
2018,BBH,disambiguation_qa,97
2019,BBH,disambiguation_qa,97
2020,BBH,disambiguation_qa,97
2021,BBH,disambiguation_qa,7;97
2022,BBH,disambiguation_qa,7;97
2023,BBH,disambiguation_qa,7;97
2024,BBH,disambiguation_qa,97
2025,BBH,disambiguation_qa,97
2026,BBH,disambiguation_qa,97
2027,BBH,disambiguation_qa,97
2028,BBH,disambiguation_qa,97
2029,BBH,disambiguation_qa,7;97
2030,BBH,disambiguation_qa,97
2031,BBH,disambiguation_qa,7;97
2032,BBH,disambiguation_qa,7;97
2033,BBH,disambiguation_qa,7;97
2034,BBH,disambiguation_qa,7;97
2035,BBH,disambiguation_qa,7;97
2036,BBH,disambiguation_qa,7;97
2037,BBH,disambiguation_qa,97
2038,BBH,disambiguation_qa,97
2039,BBH,disambiguation_qa,7;97
2040,BBH,disambiguation_qa,7;97
2041,BBH,disambiguation_qa,7;97
2042,BBH,disambiguation_qa,97
2043,BBH,disambiguation_qa,7;97
2044,BBH,disambiguation_qa,97
2045,BBH,disambiguation_qa,97
2046,BBH,disambiguation_qa,97
2047,BBH,disambiguation_qa,7;97
2048,BBH,disambiguation_qa,7;97
2049,BBH,disambiguation_qa,97
2050,BBH,disambiguation_qa,7;97
2051,BBH,disambiguation_qa,97
2052,BBH,disambiguation_qa,97
2053,BBH,disambiguation_qa,97
2054,BBH,disambiguation_qa,97
2055,BBH,disambiguation_qa,97
2056,BBH,disambiguation_qa,7;97
2057,BBH,disambiguation_qa,97
2058,BBH,disambiguation_qa,97
2059,BBH,disambiguation_qa,97
2060,BBH,disambiguation_qa,97
2061,BBH,disambiguation_qa,97
2062,BBH,disambiguation_qa,7;97
2063,BBH,disambiguation_qa,97
2064,BBH,disambiguation_qa,7;97
2065,BBH,disambiguation_qa,97
2066,BBH,disambiguation_qa,7;97
2067,BBH,disambiguation_qa,7;97
2068,BBH,disambiguation_qa,7;97
2069,BBH,disambiguation_qa,97
2070,BBH,disambiguation_qa,97
2071,BBH,disambiguation_qa,97
2072,BBH,disambiguation_qa,7;97
2073,BBH,disambiguation_qa,97
2074,BBH,disambiguation_qa,7;97
2075,BBH,disambiguation_qa,97
2076,BBH,disambiguation_qa,7;97
2077,BBH,disambiguation_qa,7;97
2078,BBH,disambiguation_qa,97
2079,BBH,disambiguation_qa,97
2080,BBH,disambiguation_qa,7;97
2081,BBH,disambiguation_qa,97
2082,BBH,disambiguation_qa,7;97
2083,BBH,disambiguation_qa,7;97
2084,BBH,disambiguation_qa,7;97
2085,BBH,disambiguation_qa,97
2086,BBH,disambiguation_qa,7;97
2087,BBH,disambiguation_qa,7;97
2088,BBH,disambiguation_qa,7;97
2089,BBH,disambiguation_qa,7;97
2090,BBH,disambiguation_qa,97
2091,BBH,disambiguation_qa,7;97
2092,BBH,disambiguation_qa,97
2093,BBH,disambiguation_qa,7;97
2094,BBH,disambiguation_qa,7;97
2095,BBH,disambiguation_qa,97
2096,BBH,disambiguation_qa,97
2097,BBH,disambiguation_qa,97
2098,BBH,disambiguation_qa,97
2099,BBH,disambiguation_qa,97
2100,BBH,disambiguation_qa,7;97
2101,BBH,disambiguation_qa,7;97
2102,BBH,disambiguation_qa,97
2103,BBH,disambiguation_qa,7;97
2104,BBH,disambiguation_qa,7;97
2105,BBH,disambiguation_qa,7;97
2106,BBH,disambiguation_qa,7;97
2107,BBH,disambiguation_qa,97
2108,BBH,disambiguation_qa,7;97
2109,BBH,disambiguation_qa,7;97
2110,BBH,disambiguation_qa,7;97
2111,BBH,disambiguation_qa,7;97
2112,BBH,disambiguation_qa,97
2113,BBH,disambiguation_qa,97
2114,BBH,disambiguation_qa,7;97
2115,BBH,disambiguation_qa,97
2116,BBH,disambiguation_qa,7;97
2117,BBH,disambiguation_qa,97
2118,BBH,disambiguation_qa,7;97
2119,BBH,disambiguation_qa,7;97
2120,BBH,disambiguation_qa,97
2121,BBH,disambiguation_qa,97
2122,BBH,disambiguation_qa,7;97
2123,BBH,disambiguation_qa,7;97
2124,BBH,disambiguation_qa,7;97
2125,BBH,disambiguation_qa,7;97
2126,BBH,disambiguation_qa,97
2127,BBH,disambiguation_qa,97
2128,BBH,disambiguation_qa,97
2129,BBH,disambiguation_qa,7;97
2130,BBH,disambiguation_qa,7;97
2131,BBH,disambiguation_qa,97
2132,BBH,disambiguation_qa,7;97
2133,BBH,disambiguation_qa,97
2134,BBH,disambiguation_qa,97
2135,BBH,disambiguation_qa,97
2136,BBH,disambiguation_qa,7;97
2137,BBH,disambiguation_qa,7;97
2138,BBH,disambiguation_qa,7;97
2139,BBH,disambiguation_qa,7;97
2140,BBH,disambiguation_qa,97
2141,BBH,disambiguation_qa,7;97
2142,BBH,disambiguation_qa,7;97
2143,BBH,disambiguation_qa,97
2144,BBH,disambiguation_qa,7;97
2145,BBH,disambiguation_qa,97
2146,BBH,disambiguation_qa,7;97
2147,BBH,disambiguation_qa,7;97
2148,BBH,disambiguation_qa,97
2149,BBH,disambiguation_qa,97
2150,BBH,disambiguation_qa,97
2151,BBH,disambiguation_qa,97
2152,BBH,disambiguation_qa,7;97
2153,BBH,disambiguation_qa,97
2154,BBH,disambiguation_qa,7;97
2155,BBH,disambiguation_qa,97
2156,BBH,disambiguation_qa,97
2157,BBH,disambiguation_qa,7;97
2158,BBH,disambiguation_qa,7;97
2159,BBH,disambiguation_qa,7;97
2160,BBH,disambiguation_qa,7;97
2161,BBH,disambiguation_qa,97
2162,BBH,disambiguation_qa,7;97
2163,BBH,disambiguation_qa,97
2164,BBH,disambiguation_qa,7;97
2165,BBH,disambiguation_qa,7;97
2166,BBH,disambiguation_qa,97
2167,BBH,disambiguation_qa,97
2168,BBH,disambiguation_qa,97
2169,BBH,disambiguation_qa,97
2170,BBH,disambiguation_qa,97
2171,BBH,disambiguation_qa,7;97
2172,BBH,disambiguation_qa,97
2173,BBH,disambiguation_qa,7;97
2174,BBH,disambiguation_qa,7;97
2175,BBH,disambiguation_qa,97
2176,BBH,disambiguation_qa,97
2177,BBH,disambiguation_qa,97
2178,BBH,disambiguation_qa,7;97
2179,BBH,disambiguation_qa,97
2180,BBH,disambiguation_qa,7;97
2181,BBH,disambiguation_qa,97
2182,BBH,disambiguation_qa,7;97
2183,BBH,disambiguation_qa,97
2184,BBH,disambiguation_qa,7;97
2185,BBH,disambiguation_qa,97
2186,BBH,disambiguation_qa,7;97
2187,BBH,disambiguation_qa,97
2188,BBH,disambiguation_qa,97
2189,BBH,disambiguation_qa,7;97
2190,BBH,disambiguation_qa,97
2191,BBH,disambiguation_qa,97
2192,BBH,disambiguation_qa,97
2193,BBH,disambiguation_qa,97
2194,BBH,disambiguation_qa,7;97
2195,BBH,disambiguation_qa,7;97
2196,BBH,disambiguation_qa,97
2197,BBH,disambiguation_qa,7;97
2198,BBH,disambiguation_qa,7;97
2199,BBH,disambiguation_qa,7;97
2200,BBH,disambiguation_qa,7;97
2201,BBH,disambiguation_qa,97
2202,BBH,disambiguation_qa,7;97
2203,BBH,disambiguation_qa,7;97
2204,BBH,disambiguation_qa,7;97
2205,BBH,disambiguation_qa,7;97
2206,BBH,disambiguation_qa,97
2207,BBH,disambiguation_qa,7;97
2208,BBH,disambiguation_qa,7;97
2209,BBH,disambiguation_qa,97
2210,BBH,disambiguation_qa,7;97
2211,BBH,disambiguation_qa,97
2212,BBH,disambiguation_qa,7;97
2213,BBH,disambiguation_qa,97
2214,BBH,disambiguation_qa,7;97
2215,BBH,formal_fallacies,97
2216,BBH,formal_fallacies,97
2217,BBH,formal_fallacies,42;97
2218,BBH,formal_fallacies,97
2219,BBH,formal_fallacies,5;97
2220,BBH,formal_fallacies,97
2221,BBH,formal_fallacies,42;97
2222,BBH,formal_fallacies,42;97
2223,BBH,formal_fallacies,97
2224,BBH,formal_fallacies,7;97
2225,BBH,formal_fallacies,5
2226,BBH,formal_fallacies,97
2227,BBH,formal_fallacies,97
2228,BBH,formal_fallacies,0;7;97
2229,BBH,formal_fallacies,47;97
2230,BBH,formal_fallacies,5;47;97
2231,BBH,formal_fallacies,97
2232,BBH,formal_fallacies,97
2233,BBH,formal_fallacies,97
2234,BBH,formal_fallacies,0;97
2235,BBH,formal_fallacies,47;97
2236,BBH,formal_fallacies,7;97
2237,BBH,formal_fallacies,7;97
2238,BBH,formal_fallacies,42;97
2239,BBH,formal_fallacies,47;97
2240,BBH,formal_fallacies,7;97
2241,BBH,formal_fallacies,47;97
2242,BBH,formal_fallacies,97
2243,BBH,formal_fallacies,42
2244,BBH,formal_fallacies,47;97
2245,BBH,formal_fallacies,5
2246,BBH,formal_fallacies,7;97
2247,BBH,formal_fallacies,5;47
2248,BBH,formal_fallacies,97
2249,BBH,formal_fallacies,97
2250,BBH,formal_fallacies,7;97
2251,BBH,formal_fallacies,47;97
2252,BBH,formal_fallacies,7;97
2253,BBH,formal_fallacies,7;97
2254,BBH,formal_fallacies,97
2255,BBH,formal_fallacies,7;97
2256,BBH,formal_fallacies,7;97
2257,BBH,formal_fallacies,97
2258,BBH,formal_fallacies,5;97
2259,BBH,formal_fallacies,42
2260,BBH,formal_fallacies,97
2261,BBH,formal_fallacies,97
2262,BBH,formal_fallacies,97
2263,BBH,formal_fallacies,97
2264,BBH,formal_fallacies,97
2265,BBH,formal_fallacies,97
2266,BBH,formal_fallacies,97
2267,BBH,formal_fallacies,97
2268,BBH,formal_fallacies,7;97
2269,BBH,formal_fallacies,97
2270,BBH,formal_fallacies,97
2271,BBH,formal_fallacies,97
2272,BBH,formal_fallacies,42;97
2273,BBH,formal_fallacies,5;47;97
2274,BBH,formal_fallacies,47;97
2275,BBH,formal_fallacies,5;7;47
2276,BBH,formal_fallacies,97
2277,BBH,formal_fallacies,47;97
2278,BBH,formal_fallacies,47;97
2279,BBH,formal_fallacies,97
2280,BBH,formal_fallacies,97
2281,BBH,formal_fallacies,7;97
2282,BBH,formal_fallacies,7;97
2283,BBH,formal_fallacies,97
2284,BBH,formal_fallacies,1;7
2285,BBH,formal_fallacies,97
2286,BBH,formal_fallacies,5;8;97
2287,BBH,formal_fallacies,7
2288,BBH,formal_fallacies,97
2289,BBH,formal_fallacies,42
2290,BBH,formal_fallacies,42
2291,BBH,formal_fallacies,97
2292,BBH,formal_fallacies,7;97
2293,BBH,formal_fallacies,97
2294,BBH,formal_fallacies,97
2295,BBH,formal_fallacies,7;97
2296,BBH,formal_fallacies,20;97
2297,BBH,formal_fallacies,7;97
2298,BBH,formal_fallacies,97
2299,BBH,formal_fallacies,42;97
2300,BBH,formal_fallacies,97
2301,BBH,formal_fallacies,97
2302,BBH,formal_fallacies,47
2303,BBH,formal_fallacies,7;20;97
2304,BBH,formal_fallacies,97
2305,BBH,formal_fallacies,42;97
2306,BBH,formal_fallacies,97
2307,BBH,formal_fallacies,97
2308,BBH,formal_fallacies,97
2309,BBH,formal_fallacies,47;97
2310,BBH,formal_fallacies,0;97
2311,BBH,formal_fallacies,42
2312,BBH,formal_fallacies,97
2313,BBH,formal_fallacies,97
2314,BBH,formal_fallacies,47
2315,BBH,formal_fallacies,97
2316,BBH,formal_fallacies,97
2317,BBH,formal_fallacies,97
2318,BBH,formal_fallacies,97
2319,BBH,formal_fallacies,7;97
2320,BBH,formal_fallacies,7;97
2321,BBH,formal_fallacies,97
2322,BBH,formal_fallacies,97
2323,BBH,formal_fallacies,7;97
2324,BBH,formal_fallacies,97
2325,BBH,formal_fallacies,20;97
2326,BBH,formal_fallacies,42;97
2327,BBH,formal_fallacies,97
2328,BBH,formal_fallacies,97
2329,BBH,formal_fallacies,47
2330,BBH,formal_fallacies,97
2331,BBH,formal_fallacies,47;97
2332,BBH,formal_fallacies,7;47
2333,BBH,formal_fallacies,42;97
2334,BBH,formal_fallacies,42
2335,BBH,formal_fallacies,42;97
2336,BBH,formal_fallacies,97
2337,BBH,formal_fallacies,97
2338,BBH,formal_fallacies,97
2339,BBH,formal_fallacies,97
2340,BBH,formal_fallacies,47;97
2341,BBH,formal_fallacies,97
2342,BBH,formal_fallacies,47;97
2343,BBH,formal_fallacies,97
2344,BBH,formal_fallacies,7;97
2345,BBH,formal_fallacies,47;97
2346,BBH,formal_fallacies,97
2347,BBH,formal_fallacies,97
2348,BBH,formal_fallacies,42;97
2349,BBH,formal_fallacies,97
2350,BBH,formal_fallacies,42
2351,BBH,formal_fallacies,97
2352,BBH,formal_fallacies,97
2353,BBH,formal_fallacies,5;97
2354,BBH,formal_fallacies,47;97
2355,BBH,formal_fallacies,7;97
2356,BBH,formal_fallacies,42;97
2357,BBH,formal_fallacies,42
2358,BBH,formal_fallacies,7;97
2359,BBH,formal_fallacies,5;97
2360,BBH,formal_fallacies,97
2361,BBH,formal_fallacies,7;97
2362,BBH,formal_fallacies,97
2363,BBH,formal_fallacies,47;97
2364,BBH,formal_fallacies,42
2365,BBH,formal_fallacies,97
2366,BBH,formal_fallacies,97
2367,BBH,formal_fallacies,97
2368,BBH,formal_fallacies,97
2369,BBH,formal_fallacies,7;97
2370,BBH,formal_fallacies,47;97
2371,BBH,formal_fallacies,97
2372,BBH,formal_fallacies,97
2373,BBH,formal_fallacies,20;97
2374,BBH,formal_fallacies,97
2375,BBH,formal_fallacies,97
2376,BBH,formal_fallacies,97
2377,BBH,formal_fallacies,97
2378,BBH,formal_fallacies,47;97
2379,BBH,formal_fallacies,42;97
2380,BBH,formal_fallacies,42;97
2381,BBH,formal_fallacies,42;97
2382,BBH,formal_fallacies,7;97
2383,BBH,formal_fallacies,97
2384,BBH,formal_fallacies,97
2385,BBH,formal_fallacies,7;97
2386,BBH,formal_fallacies,42
2387,BBH,formal_fallacies,7;97
2388,BBH,formal_fallacies,42
2389,BBH,formal_fallacies,7;97
2390,BBH,formal_fallacies,97
2391,BBH,formal_fallacies,97
2392,BBH,formal_fallacies,7;97
2393,BBH,formal_fallacies,47;97
2394,BBH,formal_fallacies,47;97
2395,BBH,formal_fallacies,97
2396,BBH,formal_fallacies,97
2397,BBH,formal_fallacies,20;97
2398,BBH,formal_fallacies,97
2399,BBH,formal_fallacies,97
2400,BBH,formal_fallacies,97
2401,BBH,formal_fallacies,42
2402,BBH,formal_fallacies,0;47;97
2403,BBH,formal_fallacies,97
2404,BBH,formal_fallacies,97
2405,BBH,formal_fallacies,7;97
2406,BBH,formal_fallacies,97
2407,BBH,formal_fallacies,97
2408,BBH,formal_fallacies,0;97
2409,BBH,formal_fallacies,47;97
2410,BBH,formal_fallacies,97
2411,BBH,formal_fallacies,97
2412,BBH,formal_fallacies,42;97
2413,BBH,formal_fallacies,97
2414,BBH,formal_fallacies,97
2415,BBH,formal_fallacies,97
2416,BBH,formal_fallacies,5;47
2417,BBH,formal_fallacies,97
2418,BBH,formal_fallacies,47;97
2419,BBH,formal_fallacies,97
2420,BBH,formal_fallacies,97
2421,BBH,formal_fallacies,5
2422,BBH,formal_fallacies,5;47
2423,BBH,formal_fallacies,97
2424,BBH,formal_fallacies,47;97
2425,BBH,formal_fallacies,42;97
2426,BBH,formal_fallacies,97
2427,BBH,formal_fallacies,7;97
2428,BBH,formal_fallacies,7;97
2429,BBH,formal_fallacies,97
2430,BBH,formal_fallacies,97
2431,BBH,formal_fallacies,97
2432,BBH,formal_fallacies,97
2433,BBH,formal_fallacies,7;97
2434,BBH,formal_fallacies,42;97
2435,BBH,formal_fallacies,97
2436,BBH,formal_fallacies,42;97
2437,BBH,formal_fallacies,7;97
2438,BBH,formal_fallacies,5;47;97
2439,BBH,formal_fallacies,5
2440,BBH,formal_fallacies,97
2441,BBH,formal_fallacies,97
2442,BBH,formal_fallacies,97
2443,BBH,formal_fallacies,47;97
2444,BBH,formal_fallacies,7;97
2445,BBH,formal_fallacies,42;97
2446,BBH,formal_fallacies,97
2447,BBH,formal_fallacies,97
2448,BBH,formal_fallacies,97
2449,BBH,formal_fallacies,20;97
2450,BBH,formal_fallacies,97
2451,BBH,formal_fallacies,47
2452,BBH,formal_fallacies,7;97
2453,BBH,formal_fallacies,97
2454,BBH,formal_fallacies,47;97
2455,BBH,formal_fallacies,7;97
2456,BBH,formal_fallacies,7;97
2457,BBH,formal_fallacies,42
2458,BBH,formal_fallacies,7;97
2459,BBH,formal_fallacies,97
2460,BBH,formal_fallacies,97
2461,BBH,formal_fallacies,7;97
2462,BBH,formal_fallacies,97
2463,BBH,formal_fallacies,7;97
2464,BBH,formal_fallacies,97
2465,BBH,geometric_shapes,2
2466,BBH,geometric_shapes,2
2467,BBH,geometric_shapes,2
2468,BBH,geometric_shapes,2
2469,BBH,geometric_shapes,2;64
2470,BBH,geometric_shapes,2;64
2471,BBH,geometric_shapes,2
2472,BBH,geometric_shapes,2;64
2473,BBH,geometric_shapes,2
2474,BBH,geometric_shapes,2
2475,BBH,geometric_shapes,2;64
2476,BBH,geometric_shapes,2
2477,BBH,geometric_shapes,2
2478,BBH,geometric_shapes,2
2479,BBH,geometric_shapes,2
2480,BBH,geometric_shapes,2
2481,BBH,geometric_shapes,2;64
2482,BBH,geometric_shapes,2;64
2483,BBH,geometric_shapes,2
2484,BBH,geometric_shapes,2
2485,BBH,geometric_shapes,2
2486,BBH,geometric_shapes,2
2487,BBH,geometric_shapes,2
2488,BBH,geometric_shapes,2
2489,BBH,geometric_shapes,2
2490,BBH,geometric_shapes,2
2491,BBH,geometric_shapes,2
2492,BBH,geometric_shapes,2;64
2493,BBH,geometric_shapes,2;64
2494,BBH,geometric_shapes,2
2495,BBH,geometric_shapes,2
2496,BBH,geometric_shapes,2
2497,BBH,geometric_shapes,2
2498,BBH,geometric_shapes,2
2499,BBH,geometric_shapes,2
2500,BBH,geometric_shapes,2
2501,BBH,geometric_shapes,2;64
2502,BBH,geometric_shapes,2
2503,BBH,geometric_shapes,2
2504,BBH,geometric_shapes,2
2505,BBH,geometric_shapes,2;64
2506,BBH,geometric_shapes,2
2507,BBH,geometric_shapes,2
2508,BBH,geometric_shapes,2
2509,BBH,geometric_shapes,2
2510,BBH,geometric_shapes,2
2511,BBH,geometric_shapes,2
2512,BBH,geometric_shapes,2
2513,BBH,geometric_shapes,2;64
2514,BBH,geometric_shapes,2;64
2515,BBH,geometric_shapes,2
2516,BBH,geometric_shapes,2;64
2517,BBH,geometric_shapes,2
2518,BBH,geometric_shapes,2
2519,BBH,geometric_shapes,2
2520,BBH,geometric_shapes,2
2521,BBH,geometric_shapes,2
2522,BBH,geometric_shapes,2;64
2523,BBH,geometric_shapes,2
2524,BBH,geometric_shapes,2
2525,BBH,geometric_shapes,2;64
2526,BBH,geometric_shapes,2
2527,BBH,geometric_shapes,2
2528,BBH,geometric_shapes,2
2529,BBH,geometric_shapes,2
2530,BBH,geometric_shapes,2
2531,BBH,geometric_shapes,2
2532,BBH,geometric_shapes,2
2533,BBH,geometric_shapes,2
2534,BBH,geometric_shapes,2
2535,BBH,geometric_shapes,2
2536,BBH,geometric_shapes,2
2537,BBH,geometric_shapes,2
2538,BBH,geometric_shapes,2
2539,BBH,geometric_shapes,2
2540,BBH,geometric_shapes,2
2541,BBH,geometric_shapes,2
2542,BBH,geometric_shapes,2
2543,BBH,geometric_shapes,2;64
2544,BBH,geometric_shapes,2
2545,BBH,geometric_shapes,2
2546,BBH,geometric_shapes,2
2547,BBH,geometric_shapes,2
2548,BBH,geometric_shapes,2
2549,BBH,geometric_shapes,2
2550,BBH,geometric_shapes,2
2551,BBH,geometric_shapes,2
2552,BBH,geometric_shapes,2
2553,BBH,geometric_shapes,2
2554,BBH,geometric_shapes,2
2555,BBH,geometric_shapes,2
2556,BBH,geometric_shapes,2;64
2557,BBH,geometric_shapes,2
2558,BBH,geometric_shapes,2
2559,BBH,geometric_shapes,2;64
2560,BBH,geometric_shapes,2
2561,BBH,geometric_shapes,2;64
2562,BBH,geometric_shapes,2
2563,BBH,geometric_shapes,2
2564,BBH,geometric_shapes,2;64
2565,BBH,geometric_shapes,2;64
2566,BBH,geometric_shapes,2
2567,BBH,geometric_shapes,2
2568,BBH,geometric_shapes,2;64
2569,BBH,geometric_shapes,2
2570,BBH,geometric_shapes,2
2571,BBH,geometric_shapes,2
2572,BBH,geometric_shapes,2
2573,BBH,geometric_shapes,2;64
2574,BBH,geometric_shapes,2
2575,BBH,geometric_shapes,2
2576,BBH,geometric_shapes,2
2577,BBH,geometric_shapes,2;64
2578,BBH,geometric_shapes,2;64
2579,BBH,geometric_shapes,2
2580,BBH,geometric_shapes,2
2581,BBH,geometric_shapes,2
2582,BBH,geometric_shapes,2;64
2583,BBH,geometric_shapes,2
2584,BBH,geometric_shapes,2
2585,BBH,geometric_shapes,2
2586,BBH,geometric_shapes,2;64
2587,BBH,geometric_shapes,2
2588,BBH,geometric_shapes,2
2589,BBH,geometric_shapes,2
2590,BBH,geometric_shapes,2
2591,BBH,geometric_shapes,2
2592,BBH,geometric_shapes,2
2593,BBH,geometric_shapes,2
2594,BBH,geometric_shapes,2;64
2595,BBH,geometric_shapes,2
2596,BBH,geometric_shapes,2;64
2597,BBH,geometric_shapes,2
2598,BBH,geometric_shapes,2
2599,BBH,geometric_shapes,2
2600,BBH,geometric_shapes,2
2601,BBH,geometric_shapes,2
2602,BBH,geometric_shapes,2
2603,BBH,geometric_shapes,2
2604,BBH,geometric_shapes,2
2605,BBH,geometric_shapes,2
2606,BBH,geometric_shapes,2
2607,BBH,geometric_shapes,2
2608,BBH,geometric_shapes,2
2609,BBH,geometric_shapes,2;64
2610,BBH,geometric_shapes,2
2611,BBH,geometric_shapes,2
2612,BBH,geometric_shapes,2
2613,BBH,geometric_shapes,2
2614,BBH,geometric_shapes,2
2615,BBH,geometric_shapes,2
2616,BBH,geometric_shapes,2
2617,BBH,geometric_shapes,2;64
2618,BBH,geometric_shapes,2
2619,BBH,geometric_shapes,2
2620,BBH,geometric_shapes,2
2621,BBH,geometric_shapes,2
2622,BBH,geometric_shapes,2
2623,BBH,geometric_shapes,2;64
2624,BBH,geometric_shapes,2
2625,BBH,geometric_shapes,2
2626,BBH,geometric_shapes,2
2627,BBH,geometric_shapes,2;64
2628,BBH,geometric_shapes,2;64
2629,BBH,geometric_shapes,2
2630,BBH,geometric_shapes,2
2631,BBH,geometric_shapes,2
2632,BBH,geometric_shapes,2
2633,BBH,geometric_shapes,2;64
2634,BBH,geometric_shapes,2
2635,BBH,geometric_shapes,2
2636,BBH,geometric_shapes,2;64
2637,BBH,geometric_shapes,2;64
2638,BBH,geometric_shapes,2
2639,BBH,geometric_shapes,2
2640,BBH,geometric_shapes,2
2641,BBH,geometric_shapes,2;64
2642,BBH,geometric_shapes,2
2643,BBH,geometric_shapes,2;64
2644,BBH,geometric_shapes,2
2645,BBH,geometric_shapes,2
2646,BBH,geometric_shapes,2
2647,BBH,geometric_shapes,2
2648,BBH,geometric_shapes,2;64
2649,BBH,geometric_shapes,2
2650,BBH,geometric_shapes,2;64
2651,BBH,geometric_shapes,2
2652,BBH,geometric_shapes,2
2653,BBH,geometric_shapes,2
2654,BBH,geometric_shapes,2;64
2655,BBH,geometric_shapes,2
2656,BBH,geometric_shapes,2
2657,BBH,geometric_shapes,2
2658,BBH,geometric_shapes,2
2659,BBH,geometric_shapes,2
2660,BBH,geometric_shapes,2
2661,BBH,geometric_shapes,2
2662,BBH,geometric_shapes,2
2663,BBH,geometric_shapes,2
2664,BBH,geometric_shapes,2
2665,BBH,geometric_shapes,2
2666,BBH,geometric_shapes,2
2667,BBH,geometric_shapes,2
2668,BBH,geometric_shapes,2
2669,BBH,geometric_shapes,2
2670,BBH,geometric_shapes,2;64
2671,BBH,geometric_shapes,2;64
2672,BBH,geometric_shapes,2
2673,BBH,geometric_shapes,2
2674,BBH,geometric_shapes,2;64
2675,BBH,geometric_shapes,2
2676,BBH,geometric_shapes,2;64
2677,BBH,geometric_shapes,2;64
2678,BBH,geometric_shapes,2
2679,BBH,geometric_shapes,2;64
2680,BBH,geometric_shapes,2
2681,BBH,geometric_shapes,2
2682,BBH,geometric_shapes,2
2683,BBH,geometric_shapes,2
2684,BBH,geometric_shapes,2
2685,BBH,geometric_shapes,2
2686,BBH,geometric_shapes,2
2687,BBH,geometric_shapes,2
2688,BBH,geometric_shapes,2
2689,BBH,geometric_shapes,2
2690,BBH,geometric_shapes,2;64
2691,BBH,geometric_shapes,2
2692,BBH,geometric_shapes,2
2693,BBH,geometric_shapes,2;64
2694,BBH,geometric_shapes,2
2695,BBH,geometric_shapes,2
2696,BBH,geometric_shapes,2
2697,BBH,geometric_shapes,2
2698,BBH,geometric_shapes,2;64
2699,BBH,geometric_shapes,2
2700,BBH,geometric_shapes,2
2701,BBH,geometric_shapes,2;64
2702,BBH,geometric_shapes,2
2703,BBH,geometric_shapes,2
2704,BBH,geometric_shapes,2
2705,BBH,geometric_shapes,2;64
2706,BBH,geometric_shapes,2;64
2707,BBH,geometric_shapes,2
2708,BBH,geometric_shapes,2;64
2709,BBH,geometric_shapes,2;64
2710,BBH,geometric_shapes,2
2711,BBH,geometric_shapes,2
2712,BBH,geometric_shapes,2
2713,BBH,geometric_shapes,2
2714,BBH,geometric_shapes,2
2715,BBH,hyperbaton,97
2716,BBH,hyperbaton,97
2717,BBH,hyperbaton,97
2718,BBH,hyperbaton,97
2719,BBH,hyperbaton,97
2720,BBH,hyperbaton,97
2721,BBH,hyperbaton,97
2722,BBH,hyperbaton,97
2723,BBH,hyperbaton,97
2724,BBH,hyperbaton,97
2725,BBH,hyperbaton,97
2726,BBH,hyperbaton,97
2727,BBH,hyperbaton,97
2728,BBH,hyperbaton,97
2729,BBH,hyperbaton,97
2730,BBH,hyperbaton,97
2731,BBH,hyperbaton,97
2732,BBH,hyperbaton,97
2733,BBH,hyperbaton,97
2734,BBH,hyperbaton,97
2735,BBH,hyperbaton,97
2736,BBH,hyperbaton,97
2737,BBH,hyperbaton,97
2738,BBH,hyperbaton,97
2739,BBH,hyperbaton,97
2740,BBH,hyperbaton,97
2741,BBH,hyperbaton,97
2742,BBH,hyperbaton,97
2743,BBH,hyperbaton,97
2744,BBH,hyperbaton,97
2745,BBH,hyperbaton,97
2746,BBH,hyperbaton,97
2747,BBH,hyperbaton,97
2748,BBH,hyperbaton,97
2749,BBH,hyperbaton,97
2750,BBH,hyperbaton,97
2751,BBH,hyperbaton,97
2752,BBH,hyperbaton,97
2753,BBH,hyperbaton,97
2754,BBH,hyperbaton,97
2755,BBH,hyperbaton,97
2756,BBH,hyperbaton,97
2757,BBH,hyperbaton,97
2758,BBH,hyperbaton,97
2759,BBH,hyperbaton,97
2760,BBH,hyperbaton,97
2761,BBH,hyperbaton,97
2762,BBH,hyperbaton,97
2763,BBH,hyperbaton,97
2764,BBH,hyperbaton,97
2765,BBH,hyperbaton,97
2766,BBH,hyperbaton,97
2767,BBH,hyperbaton,97
2768,BBH,hyperbaton,97
2769,BBH,hyperbaton,97
2770,BBH,hyperbaton,97
2771,BBH,hyperbaton,97
2772,BBH,hyperbaton,97
2773,BBH,hyperbaton,97
2774,BBH,hyperbaton,97
2775,BBH,hyperbaton,97
2776,BBH,hyperbaton,97
2777,BBH,hyperbaton,97
2778,BBH,hyperbaton,97
2779,BBH,hyperbaton,97
2780,BBH,hyperbaton,97
2781,BBH,hyperbaton,97
2782,BBH,hyperbaton,97
2783,BBH,hyperbaton,97
2784,BBH,hyperbaton,97
2785,BBH,hyperbaton,97
2786,BBH,hyperbaton,97
2787,BBH,hyperbaton,97
2788,BBH,hyperbaton,97
2789,BBH,hyperbaton,97
2790,BBH,hyperbaton,97
2791,BBH,hyperbaton,97
2792,BBH,hyperbaton,97
2793,BBH,hyperbaton,97
2794,BBH,hyperbaton,97
2795,BBH,hyperbaton,97
2796,BBH,hyperbaton,97
2797,BBH,hyperbaton,97
2798,BBH,hyperbaton,97
2799,BBH,hyperbaton,97
2800,BBH,hyperbaton,97
2801,BBH,hyperbaton,97
2802,BBH,hyperbaton,97
2803,BBH,hyperbaton,97
2804,BBH,hyperbaton,97
2805,BBH,hyperbaton,97
2806,BBH,hyperbaton,97
2807,BBH,hyperbaton,97
2808,BBH,hyperbaton,97
2809,BBH,hyperbaton,97
2810,BBH,hyperbaton,97
2811,BBH,hyperbaton,97
2812,BBH,hyperbaton,97
2813,BBH,hyperbaton,97
2814,BBH,hyperbaton,97
2815,BBH,hyperbaton,97
2816,BBH,hyperbaton,97
2817,BBH,hyperbaton,97
2818,BBH,hyperbaton,97
2819,BBH,hyperbaton,97
2820,BBH,hyperbaton,97
2821,BBH,hyperbaton,97
2822,BBH,hyperbaton,97
2823,BBH,hyperbaton,97
2824,BBH,hyperbaton,97
2825,BBH,hyperbaton,97
2826,BBH,hyperbaton,97
2827,BBH,hyperbaton,97
2828,BBH,hyperbaton,97
2829,BBH,hyperbaton,97
2830,BBH,hyperbaton,97
2831,BBH,hyperbaton,97
2832,BBH,hyperbaton,97
2833,BBH,hyperbaton,97
2834,BBH,hyperbaton,97
2835,BBH,hyperbaton,97
2836,BBH,hyperbaton,97
2837,BBH,hyperbaton,97
2838,BBH,hyperbaton,97
2839,BBH,hyperbaton,97
2840,BBH,hyperbaton,97
2841,BBH,hyperbaton,97
2842,BBH,hyperbaton,97
2843,BBH,hyperbaton,97
2844,BBH,hyperbaton,97
2845,BBH,hyperbaton,97
2846,BBH,hyperbaton,97
2847,BBH,hyperbaton,97
2848,BBH,hyperbaton,97
2849,BBH,hyperbaton,97
2850,BBH,hyperbaton,97
2851,BBH,hyperbaton,97
2852,BBH,hyperbaton,97
2853,BBH,hyperbaton,97
2854,BBH,hyperbaton,97
2855,BBH,hyperbaton,97
2856,BBH,hyperbaton,97
2857,BBH,hyperbaton,97
2858,BBH,hyperbaton,97
2859,BBH,hyperbaton,97
2860,BBH,hyperbaton,97
2861,BBH,hyperbaton,97
2862,BBH,hyperbaton,97
2863,BBH,hyperbaton,97
2864,BBH,hyperbaton,97
2865,BBH,hyperbaton,97
2866,BBH,hyperbaton,97
2867,BBH,hyperbaton,97
2868,BBH,hyperbaton,97
2869,BBH,hyperbaton,97
2870,BBH,hyperbaton,97
2871,BBH,hyperbaton,97
2872,BBH,hyperbaton,97
2873,BBH,hyperbaton,97
2874,BBH,hyperbaton,97
2875,BBH,hyperbaton,97
2876,BBH,hyperbaton,97
2877,BBH,hyperbaton,97
2878,BBH,hyperbaton,97
2879,BBH,hyperbaton,97
2880,BBH,hyperbaton,97
2881,BBH,hyperbaton,97
2882,BBH,hyperbaton,97
2883,BBH,hyperbaton,97
2884,BBH,hyperbaton,97
2885,BBH,hyperbaton,97
2886,BBH,hyperbaton,97
2887,BBH,hyperbaton,97
2888,BBH,hyperbaton,97
2889,BBH,hyperbaton,97
2890,BBH,hyperbaton,97
2891,BBH,hyperbaton,97
2892,BBH,hyperbaton,97
2893,BBH,hyperbaton,97
2894,BBH,hyperbaton,97
2895,BBH,hyperbaton,97
2896,BBH,hyperbaton,97
2897,BBH,hyperbaton,97
2898,BBH,hyperbaton,97
2899,BBH,hyperbaton,97
2900,BBH,hyperbaton,97
2901,BBH,hyperbaton,97
2902,BBH,hyperbaton,97
2903,BBH,hyperbaton,97
2904,BBH,hyperbaton,97
2905,BBH,hyperbaton,97
2906,BBH,hyperbaton,97
2907,BBH,hyperbaton,97
2908,BBH,hyperbaton,97
2909,BBH,hyperbaton,97
2910,BBH,hyperbaton,97
2911,BBH,hyperbaton,97
2912,BBH,hyperbaton,97
2913,BBH,hyperbaton,97
2914,BBH,hyperbaton,97
2915,BBH,hyperbaton,97
2916,BBH,hyperbaton,97
2917,BBH,hyperbaton,97
2918,BBH,hyperbaton,97
2919,BBH,hyperbaton,97
2920,BBH,hyperbaton,97
2921,BBH,hyperbaton,97
2922,BBH,hyperbaton,97
2923,BBH,hyperbaton,97
2924,BBH,hyperbaton,97
2925,BBH,hyperbaton,97
2926,BBH,hyperbaton,97
2927,BBH,hyperbaton,97
2928,BBH,hyperbaton,97
2929,BBH,hyperbaton,97
2930,BBH,hyperbaton,97
2931,BBH,hyperbaton,97
2932,BBH,hyperbaton,97
2933,BBH,hyperbaton,97
2934,BBH,hyperbaton,97
2935,BBH,hyperbaton,97
2936,BBH,hyperbaton,97
2937,BBH,hyperbaton,97
2938,BBH,hyperbaton,97
2939,BBH,hyperbaton,97
2940,BBH,hyperbaton,97
2941,BBH,hyperbaton,97
2942,BBH,hyperbaton,97
2943,BBH,hyperbaton,97
2944,BBH,hyperbaton,97
2945,BBH,hyperbaton,97
2946,BBH,hyperbaton,97
2947,BBH,hyperbaton,97
2948,BBH,hyperbaton,97
2949,BBH,hyperbaton,97
2950,BBH,hyperbaton,97
2951,BBH,hyperbaton,97
2952,BBH,hyperbaton,97
2953,BBH,hyperbaton,97
2954,BBH,hyperbaton,97
2955,BBH,hyperbaton,97
2956,BBH,hyperbaton,97
2957,BBH,hyperbaton,97
2958,BBH,hyperbaton,97
2959,BBH,hyperbaton,97
2960,BBH,hyperbaton,97
2961,BBH,hyperbaton,97
2962,BBH,hyperbaton,97
2963,BBH,hyperbaton,97
2964,BBH,hyperbaton,97
2965,BBH,logical_deduction_five_objects,20;97
2966,BBH,logical_deduction_five_objects,20
2967,BBH,logical_deduction_five_objects,20
2968,BBH,logical_deduction_five_objects,20
2969,BBH,logical_deduction_five_objects,20
2970,BBH,logical_deduction_five_objects,20;47
2971,BBH,logical_deduction_five_objects,20;97
2972,BBH,logical_deduction_five_objects,20;97
2973,BBH,logical_deduction_five_objects,20;36
2974,BBH,logical_deduction_five_objects,20
2975,BBH,logical_deduction_five_objects,78
2976,BBH,logical_deduction_five_objects,78
2977,BBH,logical_deduction_five_objects,20;47
2978,BBH,logical_deduction_five_objects,20;97
2979,BBH,logical_deduction_five_objects,78;97
2980,BBH,logical_deduction_five_objects,20
2981,BBH,logical_deduction_five_objects,20
2982,BBH,logical_deduction_five_objects,20;97
2983,BBH,logical_deduction_five_objects,20;97
2984,BBH,logical_deduction_five_objects,20
2985,BBH,logical_deduction_five_objects,78
2986,BBH,logical_deduction_five_objects,20
2987,BBH,logical_deduction_five_objects,20
2988,BBH,logical_deduction_five_objects,20;97
2989,BBH,logical_deduction_five_objects,20;47
2990,BBH,logical_deduction_five_objects,78
2991,BBH,logical_deduction_five_objects,20
2992,BBH,logical_deduction_five_objects,20;97
2993,BBH,logical_deduction_five_objects,20;97
2994,BBH,logical_deduction_five_objects,20
2995,BBH,logical_deduction_five_objects,20;97
2996,BBH,logical_deduction_five_objects,20;97
2997,BBH,logical_deduction_five_objects,20;97
2998,BBH,logical_deduction_five_objects,20;47
2999,BBH,logical_deduction_five_objects,20;97
3000,BBH,logical_deduction_five_objects,20;36
3001,BBH,logical_deduction_five_objects,78;97
3002,BBH,logical_deduction_five_objects,20
3003,BBH,logical_deduction_five_objects,20;97
3004,BBH,logical_deduction_five_objects,20
3005,BBH,logical_deduction_five_objects,20;97
3006,BBH,logical_deduction_five_objects,20;97
3007,BBH,logical_deduction_five_objects,18;20
3008,BBH,logical_deduction_five_objects,20
3009,BBH,logical_deduction_five_objects,0;20;97
3010,BBH,logical_deduction_five_objects,20;97
3011,BBH,logical_deduction_five_objects,20
3012,BBH,logical_deduction_five_objects,20;97
3013,BBH,logical_deduction_five_objects,20;97
3014,BBH,logical_deduction_five_objects,20;97
3015,BBH,logical_deduction_five_objects,20
3016,BBH,logical_deduction_five_objects,20;47
3017,BBH,logical_deduction_five_objects,78;97
3018,BBH,logical_deduction_five_objects,20;41
3019,BBH,logical_deduction_five_objects,20;36
3020,BBH,logical_deduction_five_objects,18;20;97
3021,BBH,logical_deduction_five_objects,20;97
3022,BBH,logical_deduction_five_objects,20
3023,BBH,logical_deduction_five_objects,18;20
3024,BBH,logical_deduction_five_objects,20
3025,BBH,logical_deduction_five_objects,18;20;97
3026,BBH,logical_deduction_five_objects,20;97
3027,BBH,logical_deduction_five_objects,20;36;47
3028,BBH,logical_deduction_five_objects,18;20;97
3029,BBH,logical_deduction_five_objects,20;47
3030,BBH,logical_deduction_five_objects,20;60
3031,BBH,logical_deduction_five_objects,20;97
3032,BBH,logical_deduction_five_objects,20
3033,BBH,logical_deduction_five_objects,20;97
3034,BBH,logical_deduction_five_objects,78
3035,BBH,logical_deduction_five_objects,20;47
3036,BBH,logical_deduction_five_objects,78
3037,BBH,logical_deduction_five_objects,20
3038,BBH,logical_deduction_five_objects,20;41
3039,BBH,logical_deduction_five_objects,78
3040,BBH,logical_deduction_five_objects,78
3041,BBH,logical_deduction_five_objects,20
3042,BBH,logical_deduction_five_objects,20
3043,BBH,logical_deduction_five_objects,20;97
3044,BBH,logical_deduction_five_objects,20
3045,BBH,logical_deduction_five_objects,20;47
3046,BBH,logical_deduction_five_objects,20
3047,BBH,logical_deduction_five_objects,78
3048,BBH,logical_deduction_five_objects,20
3049,BBH,logical_deduction_five_objects,20
3050,BBH,logical_deduction_five_objects,78
3051,BBH,logical_deduction_five_objects,20;97
3052,BBH,logical_deduction_five_objects,20
3053,BBH,logical_deduction_five_objects,78
3054,BBH,logical_deduction_five_objects,20
3055,BBH,logical_deduction_five_objects,20;47
3056,BBH,logical_deduction_five_objects,18;20
3057,BBH,logical_deduction_five_objects,20
3058,BBH,logical_deduction_five_objects,20;97
3059,BBH,logical_deduction_five_objects,20
3060,BBH,logical_deduction_five_objects,20
3061,BBH,logical_deduction_five_objects,20;97
3062,BBH,logical_deduction_five_objects,78;97
3063,BBH,logical_deduction_five_objects,20
3064,BBH,logical_deduction_five_objects,20;97
3065,BBH,logical_deduction_five_objects,20
3066,BBH,logical_deduction_five_objects,20
3067,BBH,logical_deduction_five_objects,20;97
3068,BBH,logical_deduction_five_objects,20
3069,BBH,logical_deduction_five_objects,20
3070,BBH,logical_deduction_five_objects,20
3071,BBH,logical_deduction_five_objects,20
3072,BBH,logical_deduction_five_objects,20
3073,BBH,logical_deduction_five_objects,20
3074,BBH,logical_deduction_five_objects,20
3075,BBH,logical_deduction_five_objects,20;47
3076,BBH,logical_deduction_five_objects,20
3077,BBH,logical_deduction_five_objects,20;47
3078,BBH,logical_deduction_five_objects,20
3079,BBH,logical_deduction_five_objects,20;41
3080,BBH,logical_deduction_five_objects,41;78;97
3081,BBH,logical_deduction_five_objects,78
3082,BBH,logical_deduction_five_objects,20
3083,BBH,logical_deduction_five_objects,20;47
3084,BBH,logical_deduction_five_objects,20;97
3085,BBH,logical_deduction_five_objects,20
3086,BBH,logical_deduction_five_objects,20;97
3087,BBH,logical_deduction_five_objects,78;97
3088,BBH,logical_deduction_five_objects,20;97
3089,BBH,logical_deduction_five_objects,20;97
3090,BBH,logical_deduction_five_objects,78
3091,BBH,logical_deduction_five_objects,20;97
3092,BBH,logical_deduction_five_objects,20
3093,BBH,logical_deduction_five_objects,20
3094,BBH,logical_deduction_five_objects,20
3095,BBH,logical_deduction_five_objects,20
3096,BBH,logical_deduction_five_objects,20;47
3097,BBH,logical_deduction_five_objects,20;36;47
3098,BBH,logical_deduction_five_objects,78;97
3099,BBH,logical_deduction_five_objects,20;97
3100,BBH,logical_deduction_five_objects,20
3101,BBH,logical_deduction_five_objects,20;97
3102,BBH,logical_deduction_five_objects,20
3103,BBH,logical_deduction_five_objects,20
3104,BBH,logical_deduction_five_objects,78
3105,BBH,logical_deduction_five_objects,20
3106,BBH,logical_deduction_five_objects,41;78;97
3107,BBH,logical_deduction_five_objects,20;47
3108,BBH,logical_deduction_five_objects,20;97
3109,BBH,logical_deduction_five_objects,20
3110,BBH,logical_deduction_five_objects,20;97
3111,BBH,logical_deduction_five_objects,78
3112,BBH,logical_deduction_five_objects,20
3113,BBH,logical_deduction_five_objects,20
3114,BBH,logical_deduction_five_objects,78
3115,BBH,logical_deduction_five_objects,20;97
3116,BBH,logical_deduction_five_objects,20;36;97
3117,BBH,logical_deduction_five_objects,78
3118,BBH,logical_deduction_five_objects,20
3119,BBH,logical_deduction_five_objects,20
3120,BBH,logical_deduction_five_objects,78
3121,BBH,logical_deduction_five_objects,20;97
3122,BBH,logical_deduction_five_objects,20
3123,BBH,logical_deduction_five_objects,78;97
3124,BBH,logical_deduction_five_objects,20
3125,BBH,logical_deduction_five_objects,20;97
3126,BBH,logical_deduction_five_objects,20;97
3127,BBH,logical_deduction_five_objects,20;97
3128,BBH,logical_deduction_five_objects,20
3129,BBH,logical_deduction_five_objects,20
3130,BBH,logical_deduction_five_objects,20;97
3131,BBH,logical_deduction_five_objects,18;20;97
3132,BBH,logical_deduction_five_objects,5;20;97
3133,BBH,logical_deduction_five_objects,20;97
3134,BBH,logical_deduction_five_objects,20
3135,BBH,logical_deduction_five_objects,20;97
3136,BBH,logical_deduction_five_objects,20
3137,BBH,logical_deduction_five_objects,78
3138,BBH,logical_deduction_five_objects,20
3139,BBH,logical_deduction_five_objects,20;47
3140,BBH,logical_deduction_five_objects,20;47
3141,BBH,logical_deduction_five_objects,20
3142,BBH,logical_deduction_five_objects,20;47
3143,BBH,logical_deduction_five_objects,20;97
3144,BBH,logical_deduction_five_objects,78;97
3145,BBH,logical_deduction_five_objects,20;97
3146,BBH,logical_deduction_five_objects,20
3147,BBH,logical_deduction_five_objects,20
3148,BBH,logical_deduction_five_objects,78
3149,BBH,logical_deduction_five_objects,78
3150,BBH,logical_deduction_five_objects,20;47
3151,BBH,logical_deduction_five_objects,20
3152,BBH,logical_deduction_five_objects,78
3153,BBH,logical_deduction_five_objects,20;47
3154,BBH,logical_deduction_five_objects,0;20;97
3155,BBH,logical_deduction_five_objects,20;97
3156,BBH,logical_deduction_five_objects,20;97
3157,BBH,logical_deduction_five_objects,20;97
3158,BBH,logical_deduction_five_objects,78
3159,BBH,logical_deduction_five_objects,20;97
3160,BBH,logical_deduction_five_objects,20
3161,BBH,logical_deduction_five_objects,20
3162,BBH,logical_deduction_five_objects,20
3163,BBH,logical_deduction_five_objects,20
3164,BBH,logical_deduction_five_objects,78
3165,BBH,logical_deduction_five_objects,20
3166,BBH,logical_deduction_five_objects,20
3167,BBH,logical_deduction_five_objects,20;41
3168,BBH,logical_deduction_five_objects,78
3169,BBH,logical_deduction_five_objects,20;97
3170,BBH,logical_deduction_five_objects,78
3171,BBH,logical_deduction_five_objects,20
3172,BBH,logical_deduction_five_objects,20;47
3173,BBH,logical_deduction_five_objects,20;97
3174,BBH,logical_deduction_five_objects,20
3175,BBH,logical_deduction_five_objects,20;97
3176,BBH,logical_deduction_five_objects,20;41
3177,BBH,logical_deduction_five_objects,78
3178,BBH,logical_deduction_five_objects,20;97
3179,BBH,logical_deduction_five_objects,78
3180,BBH,logical_deduction_five_objects,20
3181,BBH,logical_deduction_five_objects,20
3182,BBH,logical_deduction_five_objects,78
3183,BBH,logical_deduction_five_objects,78
3184,BBH,logical_deduction_five_objects,20;47
3185,BBH,logical_deduction_five_objects,20;97
3186,BBH,logical_deduction_five_objects,78;97
3187,BBH,logical_deduction_five_objects,20
3188,BBH,logical_deduction_five_objects,20
3189,BBH,logical_deduction_five_objects,18;20
3190,BBH,logical_deduction_five_objects,78
3191,BBH,logical_deduction_five_objects,20;36
3192,BBH,logical_deduction_five_objects,20;97
3193,BBH,logical_deduction_five_objects,20
3194,BBH,logical_deduction_five_objects,78;97
3195,BBH,logical_deduction_five_objects,78
3196,BBH,logical_deduction_five_objects,78
3197,BBH,logical_deduction_five_objects,20;97
3198,BBH,logical_deduction_five_objects,78
3199,BBH,logical_deduction_five_objects,20;97
3200,BBH,logical_deduction_five_objects,20
3201,BBH,logical_deduction_five_objects,20
3202,BBH,logical_deduction_five_objects,78
3203,BBH,logical_deduction_five_objects,20
3204,BBH,logical_deduction_five_objects,20
3205,BBH,logical_deduction_five_objects,78
3206,BBH,logical_deduction_five_objects,20
3207,BBH,logical_deduction_five_objects,20;97
3208,BBH,logical_deduction_five_objects,20
3209,BBH,logical_deduction_five_objects,20;97
3210,BBH,logical_deduction_five_objects,20
3211,BBH,logical_deduction_five_objects,20;47
3212,BBH,logical_deduction_five_objects,78
3213,BBH,logical_deduction_five_objects,20
3214,BBH,logical_deduction_five_objects,20
3215,BBH,logical_deduction_seven_objects,5;20;97
3216,BBH,logical_deduction_seven_objects,20
3217,BBH,logical_deduction_seven_objects,20
3218,BBH,logical_deduction_seven_objects,20
3219,BBH,logical_deduction_seven_objects,20;78
3220,BBH,logical_deduction_seven_objects,5;20
3221,BBH,logical_deduction_seven_objects,5;20;97
3222,BBH,logical_deduction_seven_objects,20;78
3223,BBH,logical_deduction_seven_objects,20
3224,BBH,logical_deduction_seven_objects,20
3225,BBH,logical_deduction_seven_objects,78
3226,BBH,logical_deduction_seven_objects,20
3227,BBH,logical_deduction_seven_objects,5;20;97
3228,BBH,logical_deduction_seven_objects,20
3229,BBH,logical_deduction_seven_objects,20
3230,BBH,logical_deduction_seven_objects,20
3231,BBH,logical_deduction_seven_objects,20;78
3232,BBH,logical_deduction_seven_objects,20;36
3233,BBH,logical_deduction_seven_objects,20
3234,BBH,logical_deduction_seven_objects,20
3235,BBH,logical_deduction_seven_objects,20;36
3236,BBH,logical_deduction_seven_objects,20
3237,BBH,logical_deduction_seven_objects,20;36
3238,BBH,logical_deduction_seven_objects,78
3239,BBH,logical_deduction_seven_objects,20;36
3240,BBH,logical_deduction_seven_objects,7;20
3241,BBH,logical_deduction_seven_objects,20;41
3242,BBH,logical_deduction_seven_objects,5
3243,BBH,logical_deduction_seven_objects,20
3244,BBH,logical_deduction_seven_objects,20;36
3245,BBH,logical_deduction_seven_objects,20
3246,BBH,logical_deduction_seven_objects,5
3247,BBH,logical_deduction_seven_objects,5;20;97
3248,BBH,logical_deduction_seven_objects,5;36;97
3249,BBH,logical_deduction_seven_objects,78
3250,BBH,logical_deduction_seven_objects,20
3251,BBH,logical_deduction_seven_objects,20
3252,BBH,logical_deduction_seven_objects,20;78
3253,BBH,logical_deduction_seven_objects,20
3254,BBH,logical_deduction_seven_objects,5
3255,BBH,logical_deduction_seven_objects,78
3256,BBH,logical_deduction_seven_objects,0;20;36
3257,BBH,logical_deduction_seven_objects,78
3258,BBH,logical_deduction_seven_objects,20
3259,BBH,logical_deduction_seven_objects,20
3260,BBH,logical_deduction_seven_objects,20
3261,BBH,logical_deduction_seven_objects,5;36;97
3262,BBH,logical_deduction_seven_objects,20
3263,BBH,logical_deduction_seven_objects,5;20;97
3264,BBH,logical_deduction_seven_objects,78
3265,BBH,logical_deduction_seven_objects,78
3266,BBH,logical_deduction_seven_objects,5;20
3267,BBH,logical_deduction_seven_objects,5;97
3268,BBH,logical_deduction_seven_objects,20
3269,BBH,logical_deduction_seven_objects,5;97
3270,BBH,logical_deduction_seven_objects,20;36
3271,BBH,logical_deduction_seven_objects,20;36
3272,BBH,logical_deduction_seven_objects,20
3273,BBH,logical_deduction_seven_objects,78
3274,BBH,logical_deduction_seven_objects,20
3275,BBH,logical_deduction_seven_objects,5;97
3276,BBH,logical_deduction_seven_objects,20
3277,BBH,logical_deduction_seven_objects,20
3278,BBH,logical_deduction_seven_objects,20
3279,BBH,logical_deduction_seven_objects,5;20;97
3280,BBH,logical_deduction_seven_objects,78
3281,BBH,logical_deduction_seven_objects,5;97
3282,BBH,logical_deduction_seven_objects,5;97
3283,BBH,logical_deduction_seven_objects,78
3284,BBH,logical_deduction_seven_objects,20;47
3285,BBH,logical_deduction_seven_objects,20
3286,BBH,logical_deduction_seven_objects,20
3287,BBH,logical_deduction_seven_objects,20
3288,BBH,logical_deduction_seven_objects,78
3289,BBH,logical_deduction_seven_objects,20
3290,BBH,logical_deduction_seven_objects,20
3291,BBH,logical_deduction_seven_objects,20
3292,BBH,logical_deduction_seven_objects,20;36
3293,BBH,logical_deduction_seven_objects,20
3294,BBH,logical_deduction_seven_objects,20;36
3295,BBH,logical_deduction_seven_objects,5;20
3296,BBH,logical_deduction_seven_objects,20;36
3297,BBH,logical_deduction_seven_objects,78
3298,BBH,logical_deduction_seven_objects,20
3299,BBH,logical_deduction_seven_objects,5;97
3300,BBH,logical_deduction_seven_objects,78
3301,BBH,logical_deduction_seven_objects,20
3302,BBH,logical_deduction_seven_objects,20
3303,BBH,logical_deduction_seven_objects,20;36;47
3304,BBH,logical_deduction_seven_objects,20
3305,BBH,logical_deduction_seven_objects,5
3306,BBH,logical_deduction_seven_objects,20;36
3307,BBH,logical_deduction_seven_objects,20
3308,BBH,logical_deduction_seven_objects,20
3309,BBH,logical_deduction_seven_objects,5
3310,BBH,logical_deduction_seven_objects,20;78
3311,BBH,logical_deduction_seven_objects,20;78
3312,BBH,logical_deduction_seven_objects,5
3313,BBH,logical_deduction_seven_objects,5;20
3314,BBH,logical_deduction_seven_objects,20
3315,BBH,logical_deduction_seven_objects,20
3316,BBH,logical_deduction_seven_objects,20
3317,BBH,logical_deduction_seven_objects,20
3318,BBH,logical_deduction_seven_objects,20
3319,BBH,logical_deduction_seven_objects,20
3320,BBH,logical_deduction_seven_objects,36;47
3321,BBH,logical_deduction_seven_objects,20
3322,BBH,logical_deduction_seven_objects,20;36
3323,BBH,logical_deduction_seven_objects,5;97
3324,BBH,logical_deduction_seven_objects,20;41
3325,BBH,logical_deduction_seven_objects,20
3326,BBH,logical_deduction_seven_objects,20;41
3327,BBH,logical_deduction_seven_objects,5
3328,BBH,logical_deduction_seven_objects,20;36
3329,BBH,logical_deduction_seven_objects,20;47
3330,BBH,logical_deduction_seven_objects,20
3331,BBH,logical_deduction_seven_objects,20
3332,BBH,logical_deduction_seven_objects,78
3333,BBH,logical_deduction_seven_objects,20
3334,BBH,logical_deduction_seven_objects,20
3335,BBH,logical_deduction_seven_objects,20
3336,BBH,logical_deduction_seven_objects,5
3337,BBH,logical_deduction_seven_objects,78
3338,BBH,logical_deduction_seven_objects,5;97
3339,BBH,logical_deduction_seven_objects,5
3340,BBH,logical_deduction_seven_objects,20
3341,BBH,logical_deduction_seven_objects,5;20;97
3342,BBH,logical_deduction_seven_objects,36;47
3343,BBH,logical_deduction_seven_objects,20
3344,BBH,logical_deduction_seven_objects,78
3345,BBH,logical_deduction_seven_objects,5
3346,BBH,logical_deduction_seven_objects,5;97
3347,BBH,logical_deduction_seven_objects,20;36
3348,BBH,logical_deduction_seven_objects,20
3349,BBH,logical_deduction_seven_objects,5;20;97
3350,BBH,logical_deduction_seven_objects,78
3351,BBH,logical_deduction_seven_objects,5
3352,BBH,logical_deduction_seven_objects,20
3353,BBH,logical_deduction_seven_objects,20
3354,BBH,logical_deduction_seven_objects,5;20;97
3355,BBH,logical_deduction_seven_objects,20
3356,BBH,logical_deduction_seven_objects,20;47
3357,BBH,logical_deduction_seven_objects,20
3358,BBH,logical_deduction_seven_objects,18;20
3359,BBH,logical_deduction_seven_objects,5;97
3360,BBH,logical_deduction_seven_objects,78
3361,BBH,logical_deduction_seven_objects,9;20;97
3362,BBH,logical_deduction_seven_objects,20
3363,BBH,logical_deduction_seven_objects,78
3364,BBH,logical_deduction_seven_objects,20
3365,BBH,logical_deduction_seven_objects,20
3366,BBH,logical_deduction_seven_objects,20
3367,BBH,logical_deduction_seven_objects,20
3368,BBH,logical_deduction_seven_objects,5;20
3369,BBH,logical_deduction_seven_objects,20
3370,BBH,logical_deduction_seven_objects,20
3371,BBH,logical_deduction_seven_objects,20
3372,BBH,logical_deduction_seven_objects,5;97
3373,BBH,logical_deduction_seven_objects,20
3374,BBH,logical_deduction_seven_objects,20
3375,BBH,logical_deduction_seven_objects,20
3376,BBH,logical_deduction_seven_objects,5
3377,BBH,logical_deduction_seven_objects,20
3378,BBH,logical_deduction_seven_objects,20
3379,BBH,logical_deduction_seven_objects,20
3380,BBH,logical_deduction_seven_objects,5;36;97
3381,BBH,logical_deduction_seven_objects,78
3382,BBH,logical_deduction_seven_objects,5;97
3383,BBH,logical_deduction_seven_objects,20;78
3384,BBH,logical_deduction_seven_objects,20
3385,BBH,logical_deduction_seven_objects,20;41
3386,BBH,logical_deduction_seven_objects,20;36
3387,BBH,logical_deduction_seven_objects,5;97
3388,BBH,logical_deduction_seven_objects,5;20;97
3389,BBH,logical_deduction_seven_objects,78
3390,BBH,logical_deduction_seven_objects,20
3391,BBH,logical_deduction_seven_objects,20
3392,BBH,logical_deduction_seven_objects,20
3393,BBH,logical_deduction_seven_objects,5;97
3394,BBH,logical_deduction_seven_objects,78
3395,BBH,logical_deduction_seven_objects,78
3396,BBH,logical_deduction_seven_objects,5;20
3397,BBH,logical_deduction_seven_objects,5
3398,BBH,logical_deduction_seven_objects,5;20;97
3399,BBH,logical_deduction_seven_objects,78
3400,BBH,logical_deduction_seven_objects,78
3401,BBH,logical_deduction_seven_objects,0;5
3402,BBH,logical_deduction_seven_objects,20
3403,BBH,logical_deduction_seven_objects,5
3404,BBH,logical_deduction_seven_objects,20
3405,BBH,logical_deduction_seven_objects,7;20
3406,BBH,logical_deduction_seven_objects,78
3407,BBH,logical_deduction_seven_objects,20;97
3408,BBH,logical_deduction_seven_objects,20
3409,BBH,logical_deduction_seven_objects,20
3410,BBH,logical_deduction_seven_objects,78
3411,BBH,logical_deduction_seven_objects,20
3412,BBH,logical_deduction_seven_objects,20
3413,BBH,logical_deduction_seven_objects,0;20;36
3414,BBH,logical_deduction_seven_objects,20;36
3415,BBH,logical_deduction_seven_objects,20
3416,BBH,logical_deduction_seven_objects,20
3417,BBH,logical_deduction_seven_objects,20
3418,BBH,logical_deduction_seven_objects,20
3419,BBH,logical_deduction_seven_objects,20
3420,BBH,logical_deduction_seven_objects,20;36
3421,BBH,logical_deduction_seven_objects,78
3422,BBH,logical_deduction_seven_objects,78
3423,BBH,logical_deduction_seven_objects,5
3424,BBH,logical_deduction_seven_objects,0;5
3425,BBH,logical_deduction_seven_objects,78
3426,BBH,logical_deduction_seven_objects,78
3427,BBH,logical_deduction_seven_objects,5
3428,BBH,logical_deduction_seven_objects,78
3429,BBH,logical_deduction_seven_objects,5
3430,BBH,logical_deduction_seven_objects,20
3431,BBH,logical_deduction_seven_objects,20
3432,BBH,logical_deduction_seven_objects,20
3433,BBH,logical_deduction_seven_objects,20
3434,BBH,logical_deduction_seven_objects,20
3435,BBH,logical_deduction_seven_objects,20
3436,BBH,logical_deduction_seven_objects,5;97
3437,BBH,logical_deduction_seven_objects,20
3438,BBH,logical_deduction_seven_objects,20
3439,BBH,logical_deduction_seven_objects,5
3440,BBH,logical_deduction_seven_objects,20
3441,BBH,logical_deduction_seven_objects,5
3442,BBH,logical_deduction_seven_objects,20
3443,BBH,logical_deduction_seven_objects,20
3444,BBH,logical_deduction_seven_objects,20
3445,BBH,logical_deduction_seven_objects,78
3446,BBH,logical_deduction_seven_objects,20
3447,BBH,logical_deduction_seven_objects,20
3448,BBH,logical_deduction_seven_objects,20
3449,BBH,logical_deduction_seven_objects,20
3450,BBH,logical_deduction_seven_objects,5;20;97
3451,BBH,logical_deduction_seven_objects,20
3452,BBH,logical_deduction_seven_objects,20
3453,BBH,logical_deduction_seven_objects,20
3454,BBH,logical_deduction_seven_objects,20
3455,BBH,logical_deduction_seven_objects,20
3456,BBH,logical_deduction_seven_objects,18;20
3457,BBH,logical_deduction_seven_objects,20;47
3458,BBH,logical_deduction_seven_objects,20
3459,BBH,logical_deduction_seven_objects,78
3460,BBH,logical_deduction_seven_objects,5;7
3461,BBH,logical_deduction_seven_objects,20
3462,BBH,logical_deduction_seven_objects,20
3463,BBH,logical_deduction_seven_objects,20
3464,BBH,logical_deduction_seven_objects,20
3465,BBH,logical_deduction_three_objects,20
3466,BBH,logical_deduction_three_objects,20
3467,BBH,logical_deduction_three_objects,20;97
3468,BBH,logical_deduction_three_objects,20
3469,BBH,logical_deduction_three_objects,20;97
3470,BBH,logical_deduction_three_objects,20
3471,BBH,logical_deduction_three_objects,20
3472,BBH,logical_deduction_three_objects,20
3473,BBH,logical_deduction_three_objects,20;97
3474,BBH,logical_deduction_three_objects,20;97
3475,BBH,logical_deduction_three_objects,20;97
3476,BBH,logical_deduction_three_objects,20
3477,BBH,logical_deduction_three_objects,20;97
3478,BBH,logical_deduction_three_objects,20
3479,BBH,logical_deduction_three_objects,20
3480,BBH,logical_deduction_three_objects,20
3481,BBH,logical_deduction_three_objects,20
3482,BBH,logical_deduction_three_objects,20;97
3483,BBH,logical_deduction_three_objects,20
3484,BBH,logical_deduction_three_objects,20
3485,BBH,logical_deduction_three_objects,20;97
3486,BBH,logical_deduction_three_objects,20;97
3487,BBH,logical_deduction_three_objects,20;97
3488,BBH,logical_deduction_three_objects,20;97
3489,BBH,logical_deduction_three_objects,20
3490,BBH,logical_deduction_three_objects,20;97
3491,BBH,logical_deduction_three_objects,20;97
3492,BBH,logical_deduction_three_objects,20;97
3493,BBH,logical_deduction_three_objects,20;97
3494,BBH,logical_deduction_three_objects,20
3495,BBH,logical_deduction_three_objects,20
3496,BBH,logical_deduction_three_objects,20
3497,BBH,logical_deduction_three_objects,20
3498,BBH,logical_deduction_three_objects,20;97
3499,BBH,logical_deduction_three_objects,20;97
3500,BBH,logical_deduction_three_objects,20
3501,BBH,logical_deduction_three_objects,20
3502,BBH,logical_deduction_three_objects,20;97
3503,BBH,logical_deduction_three_objects,20;97
3504,BBH,logical_deduction_three_objects,20;97
3505,BBH,logical_deduction_three_objects,20
3506,BBH,logical_deduction_three_objects,20;97
3507,BBH,logical_deduction_three_objects,20;97
3508,BBH,logical_deduction_three_objects,20;97
3509,BBH,logical_deduction_three_objects,20
3510,BBH,logical_deduction_three_objects,20
3511,BBH,logical_deduction_three_objects,20;97
3512,BBH,logical_deduction_three_objects,20
3513,BBH,logical_deduction_three_objects,20;97
3514,BBH,logical_deduction_three_objects,20;97
3515,BBH,logical_deduction_three_objects,20
3516,BBH,logical_deduction_three_objects,20
3517,BBH,logical_deduction_three_objects,20
3518,BBH,logical_deduction_three_objects,20
3519,BBH,logical_deduction_three_objects,20;97
3520,BBH,logical_deduction_three_objects,20
3521,BBH,logical_deduction_three_objects,20
3522,BBH,logical_deduction_three_objects,20
3523,BBH,logical_deduction_three_objects,20;97
3524,BBH,logical_deduction_three_objects,20
3525,BBH,logical_deduction_three_objects,20;97
3526,BBH,logical_deduction_three_objects,20;97
3527,BBH,logical_deduction_three_objects,20
3528,BBH,logical_deduction_three_objects,20
3529,BBH,logical_deduction_three_objects,20;97
3530,BBH,logical_deduction_three_objects,20
3531,BBH,logical_deduction_three_objects,20;97
3532,BBH,logical_deduction_three_objects,20
3533,BBH,logical_deduction_three_objects,20;97
3534,BBH,logical_deduction_three_objects,20
3535,BBH,logical_deduction_three_objects,20;97
3536,BBH,logical_deduction_three_objects,20
3537,BBH,logical_deduction_three_objects,20
3538,BBH,logical_deduction_three_objects,20
3539,BBH,logical_deduction_three_objects,20;97
3540,BBH,logical_deduction_three_objects,20
3541,BBH,logical_deduction_three_objects,20
3542,BBH,logical_deduction_three_objects,20
3543,BBH,logical_deduction_three_objects,20
3544,BBH,logical_deduction_three_objects,20
3545,BBH,logical_deduction_three_objects,20;97
3546,BBH,logical_deduction_three_objects,20
3547,BBH,logical_deduction_three_objects,20;97
3548,BBH,logical_deduction_three_objects,20;97
3549,BBH,logical_deduction_three_objects,20
3550,BBH,logical_deduction_three_objects,20;97
3551,BBH,logical_deduction_three_objects,20;97
3552,BBH,logical_deduction_three_objects,20;97
3553,BBH,logical_deduction_three_objects,20;97
3554,BBH,logical_deduction_three_objects,20
3555,BBH,logical_deduction_three_objects,20
3556,BBH,logical_deduction_three_objects,20;97
3557,BBH,logical_deduction_three_objects,20
3558,BBH,logical_deduction_three_objects,20
3559,BBH,logical_deduction_three_objects,20;97
3560,BBH,logical_deduction_three_objects,20
3561,BBH,logical_deduction_three_objects,20
3562,BBH,logical_deduction_three_objects,20
3563,BBH,logical_deduction_three_objects,20
3564,BBH,logical_deduction_three_objects,20;47
3565,BBH,logical_deduction_three_objects,20;97
3566,BBH,logical_deduction_three_objects,20;97
3567,BBH,logical_deduction_three_objects,20;97
3568,BBH,logical_deduction_three_objects,20;97
3569,BBH,logical_deduction_three_objects,20;97
3570,BBH,logical_deduction_three_objects,20
3571,BBH,logical_deduction_three_objects,20;97
3572,BBH,logical_deduction_three_objects,20;97
3573,BBH,logical_deduction_three_objects,20
3574,BBH,logical_deduction_three_objects,20
3575,BBH,logical_deduction_three_objects,20;97
3576,BBH,logical_deduction_three_objects,20;97
3577,BBH,logical_deduction_three_objects,20
3578,BBH,logical_deduction_three_objects,20
3579,BBH,logical_deduction_three_objects,20
3580,BBH,logical_deduction_three_objects,20
3581,BBH,logical_deduction_three_objects,20;97
3582,BBH,logical_deduction_three_objects,20;97
3583,BBH,logical_deduction_three_objects,20
3584,BBH,logical_deduction_three_objects,20;97
3585,BBH,logical_deduction_three_objects,20
3586,BBH,logical_deduction_three_objects,20;97
3587,BBH,logical_deduction_three_objects,20;97
3588,BBH,logical_deduction_three_objects,20
3589,BBH,logical_deduction_three_objects,20;97
3590,BBH,logical_deduction_three_objects,20;97
3591,BBH,logical_deduction_three_objects,20;97
3592,BBH,logical_deduction_three_objects,20;97
3593,BBH,logical_deduction_three_objects,20;97
3594,BBH,logical_deduction_three_objects,20;47
3595,BBH,logical_deduction_three_objects,20
3596,BBH,logical_deduction_three_objects,20;97
3597,BBH,logical_deduction_three_objects,20;97
3598,BBH,logical_deduction_three_objects,20;97
3599,BBH,logical_deduction_three_objects,20;97
3600,BBH,logical_deduction_three_objects,20;97
3601,BBH,logical_deduction_three_objects,20;97
3602,BBH,logical_deduction_three_objects,20;97
3603,BBH,logical_deduction_three_objects,20
3604,BBH,logical_deduction_three_objects,20
3605,BBH,logical_deduction_three_objects,20;97
3606,BBH,logical_deduction_three_objects,20;97
3607,BBH,logical_deduction_three_objects,20;97
3608,BBH,logical_deduction_three_objects,20
3609,BBH,logical_deduction_three_objects,20;97
3610,BBH,logical_deduction_three_objects,20
3611,BBH,logical_deduction_three_objects,20
3612,BBH,logical_deduction_three_objects,20
3613,BBH,logical_deduction_three_objects,20
3614,BBH,logical_deduction_three_objects,20
3615,BBH,logical_deduction_three_objects,20
3616,BBH,logical_deduction_three_objects,20
3617,BBH,logical_deduction_three_objects,20;97
3618,BBH,logical_deduction_three_objects,20
3619,BBH,logical_deduction_three_objects,20
3620,BBH,logical_deduction_three_objects,20;97
3621,BBH,logical_deduction_three_objects,20;97
3622,BBH,logical_deduction_three_objects,20
3623,BBH,logical_deduction_three_objects,20
3624,BBH,logical_deduction_three_objects,20
3625,BBH,logical_deduction_three_objects,20;97
3626,BBH,logical_deduction_three_objects,20;97
3627,BBH,logical_deduction_three_objects,20
3628,BBH,logical_deduction_three_objects,20;97
3629,BBH,logical_deduction_three_objects,20;97
3630,BBH,logical_deduction_three_objects,20;97
3631,BBH,logical_deduction_three_objects,20
3632,BBH,logical_deduction_three_objects,20;97
3633,BBH,logical_deduction_three_objects,20;97
3634,BBH,logical_deduction_three_objects,20;97
3635,BBH,logical_deduction_three_objects,20
3636,BBH,logical_deduction_three_objects,20;97
3637,BBH,logical_deduction_three_objects,20;97
3638,BBH,logical_deduction_three_objects,20
3639,BBH,logical_deduction_three_objects,20
3640,BBH,logical_deduction_three_objects,20
3641,BBH,logical_deduction_three_objects,20;97
3642,BBH,logical_deduction_three_objects,20
3643,BBH,logical_deduction_three_objects,20
3644,BBH,logical_deduction_three_objects,20;97
3645,BBH,logical_deduction_three_objects,20
3646,BBH,logical_deduction_three_objects,20
3647,BBH,logical_deduction_three_objects,20
3648,BBH,logical_deduction_three_objects,20;97
3649,BBH,logical_deduction_three_objects,20;47
3650,BBH,logical_deduction_three_objects,20
3651,BBH,logical_deduction_three_objects,20
3652,BBH,logical_deduction_three_objects,20
3653,BBH,logical_deduction_three_objects,20;97
3654,BBH,logical_deduction_three_objects,20
3655,BBH,logical_deduction_three_objects,20;97
3656,BBH,logical_deduction_three_objects,20
3657,BBH,logical_deduction_three_objects,20
3658,BBH,logical_deduction_three_objects,20
3659,BBH,logical_deduction_three_objects,20
3660,BBH,logical_deduction_three_objects,20
3661,BBH,logical_deduction_three_objects,20;97
3662,BBH,logical_deduction_three_objects,20;97
3663,BBH,logical_deduction_three_objects,20
3664,BBH,logical_deduction_three_objects,20
3665,BBH,logical_deduction_three_objects,20;97
3666,BBH,logical_deduction_three_objects,20;97
3667,BBH,logical_deduction_three_objects,20;97
3668,BBH,logical_deduction_three_objects,20;97
3669,BBH,logical_deduction_three_objects,20
3670,BBH,logical_deduction_three_objects,20;97
3671,BBH,logical_deduction_three_objects,20;97
3672,BBH,logical_deduction_three_objects,20;97
3673,BBH,logical_deduction_three_objects,20;97
3674,BBH,logical_deduction_three_objects,20;97
3675,BBH,logical_deduction_three_objects,20
3676,BBH,logical_deduction_three_objects,20
3677,BBH,logical_deduction_three_objects,20;97
3678,BBH,logical_deduction_three_objects,20
3679,BBH,logical_deduction_three_objects,20
3680,BBH,logical_deduction_three_objects,20
3681,BBH,logical_deduction_three_objects,20
3682,BBH,logical_deduction_three_objects,20;97
3683,BBH,logical_deduction_three_objects,20;97
3684,BBH,logical_deduction_three_objects,20;97
3685,BBH,logical_deduction_three_objects,20;97
3686,BBH,logical_deduction_three_objects,20
3687,BBH,logical_deduction_three_objects,20
3688,BBH,logical_deduction_three_objects,20
3689,BBH,logical_deduction_three_objects,20
3690,BBH,logical_deduction_three_objects,20;97
3691,BBH,logical_deduction_three_objects,20
3692,BBH,logical_deduction_three_objects,20;97
3693,BBH,logical_deduction_three_objects,20
3694,BBH,logical_deduction_three_objects,20;97
3695,BBH,logical_deduction_three_objects,20
3696,BBH,logical_deduction_three_objects,20
3697,BBH,logical_deduction_three_objects,20
3698,BBH,logical_deduction_three_objects,20;97
3699,BBH,logical_deduction_three_objects,20
3700,BBH,logical_deduction_three_objects,20;97
3701,BBH,logical_deduction_three_objects,20;97
3702,BBH,logical_deduction_three_objects,20
3703,BBH,logical_deduction_three_objects,20
3704,BBH,logical_deduction_three_objects,20;97
3705,BBH,logical_deduction_three_objects,20;97
3706,BBH,logical_deduction_three_objects,20;97
3707,BBH,logical_deduction_three_objects,20
3708,BBH,logical_deduction_three_objects,20;97
3709,BBH,logical_deduction_three_objects,20;97
3710,BBH,logical_deduction_three_objects,20
3711,BBH,logical_deduction_three_objects,20;97
3712,BBH,logical_deduction_three_objects,20
3713,BBH,logical_deduction_three_objects,20
3714,BBH,logical_deduction_three_objects,20
3715,BBH,movie_recommendation,7
3716,BBH,movie_recommendation,7
3717,BBH,movie_recommendation,7
3718,BBH,movie_recommendation,7
3719,BBH,movie_recommendation,7
3720,BBH,movie_recommendation,7
3721,BBH,movie_recommendation,7
3722,BBH,movie_recommendation,7
3723,BBH,movie_recommendation,7
3724,BBH,movie_recommendation,7
3725,BBH,movie_recommendation,7
3726,BBH,movie_recommendation,7
3727,BBH,movie_recommendation,7
3728,BBH,movie_recommendation,7
3729,BBH,movie_recommendation,7
3730,BBH,movie_recommendation,7
3731,BBH,movie_recommendation,7
3732,BBH,movie_recommendation,7
3733,BBH,movie_recommendation,7
3734,BBH,movie_recommendation,7
3735,BBH,movie_recommendation,7
3736,BBH,movie_recommendation,7
3737,BBH,movie_recommendation,7
3738,BBH,movie_recommendation,7
3739,BBH,movie_recommendation,7
3740,BBH,movie_recommendation,7
3741,BBH,movie_recommendation,7
3742,BBH,movie_recommendation,7
3743,BBH,movie_recommendation,7
3744,BBH,movie_recommendation,7
3745,BBH,movie_recommendation,7
3746,BBH,movie_recommendation,7
3747,BBH,movie_recommendation,7
3748,BBH,movie_recommendation,7
3749,BBH,movie_recommendation,7
3750,BBH,movie_recommendation,7
3751,BBH,movie_recommendation,7
3752,BBH,movie_recommendation,7
3753,BBH,movie_recommendation,7
3754,BBH,movie_recommendation,7
3755,BBH,movie_recommendation,7
3756,BBH,movie_recommendation,7
3757,BBH,movie_recommendation,7
3758,BBH,movie_recommendation,7
3759,BBH,movie_recommendation,7
3760,BBH,movie_recommendation,7
3761,BBH,movie_recommendation,7
3762,BBH,movie_recommendation,7;47
3763,BBH,movie_recommendation,7
3764,BBH,movie_recommendation,7
3765,BBH,movie_recommendation,7
3766,BBH,movie_recommendation,7
3767,BBH,movie_recommendation,7
3768,BBH,movie_recommendation,7
3769,BBH,movie_recommendation,7
3770,BBH,movie_recommendation,7
3771,BBH,movie_recommendation,7
3772,BBH,movie_recommendation,7
3773,BBH,movie_recommendation,7
3774,BBH,movie_recommendation,7
3775,BBH,movie_recommendation,7
3776,BBH,movie_recommendation,7
3777,BBH,movie_recommendation,7
3778,BBH,movie_recommendation,7
3779,BBH,movie_recommendation,7
3780,BBH,movie_recommendation,7
3781,BBH,movie_recommendation,7;96
3782,BBH,movie_recommendation,7
3783,BBH,movie_recommendation,7
3784,BBH,movie_recommendation,7
3785,BBH,movie_recommendation,7
3786,BBH,movie_recommendation,7
3787,BBH,movie_recommendation,7
3788,BBH,movie_recommendation,7
3789,BBH,movie_recommendation,7
3790,BBH,movie_recommendation,7
3791,BBH,movie_recommendation,7
3792,BBH,movie_recommendation,7
3793,BBH,movie_recommendation,7
3794,BBH,movie_recommendation,7
3795,BBH,movie_recommendation,7
3796,BBH,movie_recommendation,7
3797,BBH,movie_recommendation,7
3798,BBH,movie_recommendation,7
3799,BBH,movie_recommendation,7
3800,BBH,movie_recommendation,7
3801,BBH,movie_recommendation,7
3802,BBH,movie_recommendation,7
3803,BBH,movie_recommendation,7
3804,BBH,movie_recommendation,7
3805,BBH,movie_recommendation,7
3806,BBH,movie_recommendation,7
3807,BBH,movie_recommendation,7
3808,BBH,movie_recommendation,7
3809,BBH,movie_recommendation,7
3810,BBH,movie_recommendation,7
3811,BBH,movie_recommendation,7
3812,BBH,movie_recommendation,7
3813,BBH,movie_recommendation,7
3814,BBH,movie_recommendation,7
3815,BBH,movie_recommendation,7
3816,BBH,movie_recommendation,7
3817,BBH,movie_recommendation,7
3818,BBH,movie_recommendation,7
3819,BBH,movie_recommendation,7
3820,BBH,movie_recommendation,7
3821,BBH,movie_recommendation,7
3822,BBH,movie_recommendation,7
3823,BBH,movie_recommendation,7
3824,BBH,movie_recommendation,7
3825,BBH,movie_recommendation,7
3826,BBH,movie_recommendation,7
3827,BBH,movie_recommendation,7
3828,BBH,movie_recommendation,7
3829,BBH,movie_recommendation,7
3830,BBH,movie_recommendation,7
3831,BBH,movie_recommendation,7
3832,BBH,movie_recommendation,7
3833,BBH,movie_recommendation,7
3834,BBH,movie_recommendation,7
3835,BBH,movie_recommendation,7
3836,BBH,movie_recommendation,7
3837,BBH,movie_recommendation,7
3838,BBH,movie_recommendation,7
3839,BBH,movie_recommendation,7
3840,BBH,movie_recommendation,7
3841,BBH,movie_recommendation,7
3842,BBH,movie_recommendation,7
3843,BBH,movie_recommendation,7
3844,BBH,movie_recommendation,7
3845,BBH,movie_recommendation,7
3846,BBH,movie_recommendation,7
3847,BBH,movie_recommendation,7
3848,BBH,movie_recommendation,7
3849,BBH,movie_recommendation,7
3850,BBH,movie_recommendation,7
3851,BBH,movie_recommendation,7
3852,BBH,movie_recommendation,7
3853,BBH,movie_recommendation,7
3854,BBH,movie_recommendation,7
3855,BBH,movie_recommendation,7
3856,BBH,movie_recommendation,7
3857,BBH,movie_recommendation,7
3858,BBH,movie_recommendation,7
3859,BBH,movie_recommendation,7
3860,BBH,movie_recommendation,7
3861,BBH,movie_recommendation,7
3862,BBH,movie_recommendation,7
3863,BBH,movie_recommendation,7
3864,BBH,movie_recommendation,7
3865,BBH,movie_recommendation,7
3866,BBH,movie_recommendation,7
3867,BBH,movie_recommendation,7
3868,BBH,movie_recommendation,7
3869,BBH,movie_recommendation,7
3870,BBH,movie_recommendation,7
3871,BBH,movie_recommendation,7
3872,BBH,movie_recommendation,7
3873,BBH,movie_recommendation,7
3874,BBH,movie_recommendation,7
3875,BBH,movie_recommendation,7
3876,BBH,movie_recommendation,7
3877,BBH,movie_recommendation,7
3878,BBH,movie_recommendation,7
3879,BBH,movie_recommendation,7
3880,BBH,movie_recommendation,7
3881,BBH,movie_recommendation,7
3882,BBH,movie_recommendation,7
3883,BBH,movie_recommendation,7
3884,BBH,movie_recommendation,7
3885,BBH,movie_recommendation,7
3886,BBH,movie_recommendation,7
3887,BBH,movie_recommendation,7
3888,BBH,movie_recommendation,7
3889,BBH,movie_recommendation,7
3890,BBH,movie_recommendation,7
3891,BBH,movie_recommendation,7
3892,BBH,movie_recommendation,7
3893,BBH,movie_recommendation,7
3894,BBH,movie_recommendation,7
3895,BBH,movie_recommendation,7
3896,BBH,movie_recommendation,7
3897,BBH,movie_recommendation,7
3898,BBH,movie_recommendation,7
3899,BBH,movie_recommendation,7
3900,BBH,movie_recommendation,7
3901,BBH,movie_recommendation,7
3902,BBH,movie_recommendation,7
3903,BBH,movie_recommendation,7
3904,BBH,movie_recommendation,7
3905,BBH,movie_recommendation,7
3906,BBH,movie_recommendation,7
3907,BBH,movie_recommendation,7
3908,BBH,movie_recommendation,7
3909,BBH,movie_recommendation,7
3910,BBH,movie_recommendation,7
3911,BBH,movie_recommendation,7
3912,BBH,movie_recommendation,7
3913,BBH,movie_recommendation,7
3914,BBH,movie_recommendation,7
3915,BBH,movie_recommendation,7
3916,BBH,movie_recommendation,7
3917,BBH,movie_recommendation,7
3918,BBH,movie_recommendation,7
3919,BBH,movie_recommendation,7
3920,BBH,movie_recommendation,7
3921,BBH,movie_recommendation,7
3922,BBH,movie_recommendation,7
3923,BBH,movie_recommendation,7
3924,BBH,movie_recommendation,7
3925,BBH,movie_recommendation,7
3926,BBH,movie_recommendation,7
3927,BBH,movie_recommendation,7
3928,BBH,movie_recommendation,7
3929,BBH,movie_recommendation,7
3930,BBH,movie_recommendation,7
3931,BBH,movie_recommendation,7
3932,BBH,movie_recommendation,7
3933,BBH,movie_recommendation,7
3934,BBH,movie_recommendation,7
3935,BBH,movie_recommendation,7
3936,BBH,movie_recommendation,7
3937,BBH,movie_recommendation,7
3938,BBH,movie_recommendation,7
3939,BBH,movie_recommendation,7
3940,BBH,movie_recommendation,7
3941,BBH,movie_recommendation,7
3942,BBH,movie_recommendation,7
3943,BBH,movie_recommendation,7
3944,BBH,movie_recommendation,7
3945,BBH,movie_recommendation,7
3946,BBH,movie_recommendation,7
3947,BBH,movie_recommendation,7
3948,BBH,movie_recommendation,7
3949,BBH,movie_recommendation,7
3950,BBH,movie_recommendation,7
3951,BBH,movie_recommendation,7
3952,BBH,movie_recommendation,7
3953,BBH,movie_recommendation,7
3954,BBH,movie_recommendation,7
3955,BBH,movie_recommendation,7
3956,BBH,movie_recommendation,7
3957,BBH,movie_recommendation,7
3958,BBH,movie_recommendation,7
3959,BBH,movie_recommendation,7
3960,BBH,movie_recommendation,7
3961,BBH,movie_recommendation,7
3962,BBH,movie_recommendation,7
3963,BBH,movie_recommendation,7
3964,BBH,movie_recommendation,7
3965,BBH,navigate,36
3966,BBH,navigate,36
3967,BBH,navigate,36
3968,BBH,navigate,36
3969,BBH,navigate,36
3970,BBH,navigate,36
3971,BBH,navigate,36
3972,BBH,navigate,36
3973,BBH,navigate,36
3974,BBH,navigate,36
3975,BBH,navigate,36
3976,BBH,navigate,36
3977,BBH,navigate,36
3978,BBH,navigate,36
3979,BBH,navigate,36
3980,BBH,navigate,36
3981,BBH,navigate,36
3982,BBH,navigate,36
3983,BBH,navigate,36
3984,BBH,navigate,36
3985,BBH,navigate,36
3986,BBH,navigate,36
3987,BBH,navigate,36
3988,BBH,navigate,36
3989,BBH,navigate,36
3990,BBH,navigate,36
3991,BBH,navigate,36
3992,BBH,navigate,36
3993,BBH,navigate,36
3994,BBH,navigate,36
3995,BBH,navigate,36
3996,BBH,navigate,36
3997,BBH,navigate,36
3998,BBH,navigate,36
3999,BBH,navigate,36
4000,BBH,navigate,36
4001,BBH,navigate,36
4002,BBH,navigate,36
4003,BBH,navigate,36
4004,BBH,navigate,36
4005,BBH,navigate,36
4006,BBH,navigate,36
4007,BBH,navigate,36
4008,BBH,navigate,36
4009,BBH,navigate,36
4010,BBH,navigate,36
4011,BBH,navigate,36
4012,BBH,navigate,36
4013,BBH,navigate,36
4014,BBH,navigate,36
4015,BBH,navigate,36
4016,BBH,navigate,36
4017,BBH,navigate,36
4018,BBH,navigate,36
4019,BBH,navigate,36
4020,BBH,navigate,36
4021,BBH,navigate,36
4022,BBH,navigate,36
4023,BBH,navigate,36
4024,BBH,navigate,36
4025,BBH,navigate,36
4026,BBH,navigate,36
4027,BBH,navigate,36
4028,BBH,navigate,36
4029,BBH,navigate,36
4030,BBH,navigate,36
4031,BBH,navigate,36
4032,BBH,navigate,36
4033,BBH,navigate,36
4034,BBH,navigate,36
4035,BBH,navigate,36
4036,BBH,navigate,36
4037,BBH,navigate,36
4038,BBH,navigate,36
4039,BBH,navigate,36
4040,BBH,navigate,36
4041,BBH,navigate,36
4042,BBH,navigate,36
4043,BBH,navigate,36
4044,BBH,navigate,36
4045,BBH,navigate,36
4046,BBH,navigate,36
4047,BBH,navigate,36
4048,BBH,navigate,36
4049,BBH,navigate,36
4050,BBH,navigate,36
4051,BBH,navigate,36
4052,BBH,navigate,36
4053,BBH,navigate,36
4054,BBH,navigate,36
4055,BBH,navigate,36
4056,BBH,navigate,36
4057,BBH,navigate,36
4058,BBH,navigate,36
4059,BBH,navigate,36
4060,BBH,navigate,36
4061,BBH,navigate,36
4062,BBH,navigate,36
4063,BBH,navigate,36
4064,BBH,navigate,36
4065,BBH,navigate,36
4066,BBH,navigate,36
4067,BBH,navigate,36
4068,BBH,navigate,36
4069,BBH,navigate,36
4070,BBH,navigate,36
4071,BBH,navigate,36
4072,BBH,navigate,36
4073,BBH,navigate,36
4074,BBH,navigate,36
4075,BBH,navigate,36
4076,BBH,navigate,36
4077,BBH,navigate,36
4078,BBH,navigate,36
4079,BBH,navigate,36
4080,BBH,navigate,36
4081,BBH,navigate,36
4082,BBH,navigate,36
4083,BBH,navigate,36
4084,BBH,navigate,36
4085,BBH,navigate,36
4086,BBH,navigate,36
4087,BBH,navigate,36
4088,BBH,navigate,36
4089,BBH,navigate,36
4090,BBH,navigate,36
4091,BBH,navigate,36
4092,BBH,navigate,36
4093,BBH,navigate,36
4094,BBH,navigate,36
4095,BBH,navigate,36
4096,BBH,navigate,36
4097,BBH,navigate,36
4098,BBH,navigate,36
4099,BBH,navigate,36
4100,BBH,navigate,36
4101,BBH,navigate,36
4102,BBH,navigate,36
4103,BBH,navigate,36
4104,BBH,navigate,36
4105,BBH,navigate,36
4106,BBH,navigate,36
4107,BBH,navigate,36
4108,BBH,navigate,36
4109,BBH,navigate,36
4110,BBH,navigate,36
4111,BBH,navigate,36
4112,BBH,navigate,36
4113,BBH,navigate,36
4114,BBH,navigate,36
4115,BBH,navigate,36
4116,BBH,navigate,36
4117,BBH,navigate,36
4118,BBH,navigate,36
4119,BBH,navigate,36
4120,BBH,navigate,36
4121,BBH,navigate,36
4122,BBH,navigate,36
4123,BBH,navigate,36
4124,BBH,navigate,36
4125,BBH,navigate,36
4126,BBH,navigate,36
4127,BBH,navigate,36
4128,BBH,navigate,36
4129,BBH,navigate,36
4130,BBH,navigate,36
4131,BBH,navigate,36
4132,BBH,navigate,36
4133,BBH,navigate,36
4134,BBH,navigate,36
4135,BBH,navigate,36
4136,BBH,navigate,36
4137,BBH,navigate,36
4138,BBH,navigate,36
4139,BBH,navigate,36
4140,BBH,navigate,36
4141,BBH,navigate,36
4142,BBH,navigate,36
4143,BBH,navigate,36
4144,BBH,navigate,36
4145,BBH,navigate,36
4146,BBH,navigate,36
4147,BBH,navigate,36
4148,BBH,navigate,36
4149,BBH,navigate,36
4150,BBH,navigate,36
4151,BBH,navigate,36
4152,BBH,navigate,36
4153,BBH,navigate,36
4154,BBH,navigate,36
4155,BBH,navigate,36
4156,BBH,navigate,36
4157,BBH,navigate,36
4158,BBH,navigate,36
4159,BBH,navigate,36
4160,BBH,navigate,36
4161,BBH,navigate,36
4162,BBH,navigate,36
4163,BBH,navigate,36
4164,BBH,navigate,36
4165,BBH,navigate,36
4166,BBH,navigate,36
4167,BBH,navigate,36
4168,BBH,navigate,36
4169,BBH,navigate,36
4170,BBH,navigate,36
4171,BBH,navigate,36
4172,BBH,navigate,36
4173,BBH,navigate,36
4174,BBH,navigate,36
4175,BBH,navigate,36
4176,BBH,navigate,36
4177,BBH,navigate,36
4178,BBH,navigate,36
4179,BBH,navigate,36
4180,BBH,navigate,36
4181,BBH,navigate,36
4182,BBH,navigate,36
4183,BBH,navigate,36
4184,BBH,navigate,36
4185,BBH,navigate,36
4186,BBH,navigate,36
4187,BBH,navigate,36
4188,BBH,navigate,36
4189,BBH,navigate,36
4190,BBH,navigate,36
4191,BBH,navigate,36
4192,BBH,navigate,36
4193,BBH,navigate,36
4194,BBH,navigate,36
4195,BBH,navigate,36
4196,BBH,navigate,36
4197,BBH,navigate,36
4198,BBH,navigate,36
4199,BBH,navigate,36
4200,BBH,navigate,36
4201,BBH,navigate,36
4202,BBH,navigate,36
4203,BBH,navigate,36
4204,BBH,navigate,36
4205,BBH,navigate,36
4206,BBH,navigate,36
4207,BBH,navigate,36
4208,BBH,navigate,36
4209,BBH,navigate,36
4210,BBH,navigate,36
4211,BBH,navigate,36
4212,BBH,navigate,36
4213,BBH,navigate,36
4214,BBH,navigate,36
4215,BBH,object_counting,78
4216,BBH,object_counting,78
4217,BBH,object_counting,10;78
4218,BBH,object_counting,78
4219,BBH,object_counting,78
4220,BBH,object_counting,78
4221,BBH,object_counting,10;78
4222,BBH,object_counting,78
4223,BBH,object_counting,78
4224,BBH,object_counting,20;78
4225,BBH,object_counting,10;78
4226,BBH,object_counting,78
4227,BBH,object_counting,78
4228,BBH,object_counting,78
4229,BBH,object_counting,78
4230,BBH,object_counting,10;78
4231,BBH,object_counting,78
4232,BBH,object_counting,10;78
4233,BBH,object_counting,78
4234,BBH,object_counting,78
4235,BBH,object_counting,10;78
4236,BBH,object_counting,78
4237,BBH,object_counting,78
4238,BBH,object_counting,78
4239,BBH,object_counting,78
4240,BBH,object_counting,78
4241,BBH,object_counting,78
4242,BBH,object_counting,10;78
4243,BBH,object_counting,78
4244,BBH,object_counting,78
4245,BBH,object_counting,78
4246,BBH,object_counting,78
4247,BBH,object_counting,78
4248,BBH,object_counting,78
4249,BBH,object_counting,10;78
4250,BBH,object_counting,78
4251,BBH,object_counting,78
4252,BBH,object_counting,10;78
4253,BBH,object_counting,78
4254,BBH,object_counting,10;78
4255,BBH,object_counting,20;78
4256,BBH,object_counting,78
4257,BBH,object_counting,78
4258,BBH,object_counting,10;78
4259,BBH,object_counting,10;78
4260,BBH,object_counting,10;78
4261,BBH,object_counting,10;78
4262,BBH,object_counting,78
4263,BBH,object_counting,78
4264,BBH,object_counting,78
4265,BBH,object_counting,20;78
4266,BBH,object_counting,78
4267,BBH,object_counting,78
4268,BBH,object_counting,78
4269,BBH,object_counting,10;78
4270,BBH,object_counting,78
4271,BBH,object_counting,78
4272,BBH,object_counting,78
4273,BBH,object_counting,10;78
4274,BBH,object_counting,10;78
4275,BBH,object_counting,78
4276,BBH,object_counting,10;78
4277,BBH,object_counting,10;78
4278,BBH,object_counting,10;78
4279,BBH,object_counting,78
4280,BBH,object_counting,78
4281,BBH,object_counting,78
4282,BBH,object_counting,78
4283,BBH,object_counting,10;78
4284,BBH,object_counting,78
4285,BBH,object_counting,78
4286,BBH,object_counting,10;78
4287,BBH,object_counting,78
4288,BBH,object_counting,20;78
4289,BBH,object_counting,78
4290,BBH,object_counting,78
4291,BBH,object_counting,10;78
4292,BBH,object_counting,78
4293,BBH,object_counting,78
4294,BBH,object_counting,78
4295,BBH,object_counting,10;78
4296,BBH,object_counting,10;78
4297,BBH,object_counting,78
4298,BBH,object_counting,78
4299,BBH,object_counting,10;78
4300,BBH,object_counting,78
4301,BBH,object_counting,10;78
4302,BBH,object_counting,78
4303,BBH,object_counting,10;78
4304,BBH,object_counting,78
4305,BBH,object_counting,10;78
4306,BBH,object_counting,78
4307,BBH,object_counting,78
4308,BBH,object_counting,10;78
4309,BBH,object_counting,78
4310,BBH,object_counting,10;78
4311,BBH,object_counting,78
4312,BBH,object_counting,78
4313,BBH,object_counting,10;78
4314,BBH,object_counting,78
4315,BBH,object_counting,10;78
4316,BBH,object_counting,10;78
4317,BBH,object_counting,10;78
4318,BBH,object_counting,78
4319,BBH,object_counting,78
4320,BBH,object_counting,78
4321,BBH,object_counting,78
4322,BBH,object_counting,10;78
4323,BBH,object_counting,10;78
4324,BBH,object_counting,10;78
4325,BBH,object_counting,10;78
4326,BBH,object_counting,78
4327,BBH,object_counting,78
4328,BBH,object_counting,78
4329,BBH,object_counting,10;78
4330,BBH,object_counting,78
4331,BBH,object_counting,78
4332,BBH,object_counting,78
4333,BBH,object_counting,78
4334,BBH,object_counting,78
4335,BBH,object_counting,78
4336,BBH,object_counting,10;78
4337,BBH,object_counting,78
4338,BBH,object_counting,20;78
4339,BBH,object_counting,78
4340,BBH,object_counting,78
4341,BBH,object_counting,10;78
4342,BBH,object_counting,78
4343,BBH,object_counting,10;78
4344,BBH,object_counting,78
4345,BBH,object_counting,78
4346,BBH,object_counting,10;78
4347,BBH,object_counting,10;78
4348,BBH,object_counting,78
4349,BBH,object_counting,78
4350,BBH,object_counting,78
4351,BBH,object_counting,78
4352,BBH,object_counting,78
4353,BBH,object_counting,78
4354,BBH,object_counting,10;78
4355,BBH,object_counting,10;78
4356,BBH,object_counting,10;78
4357,BBH,object_counting,78
4358,BBH,object_counting,78
4359,BBH,object_counting,78
4360,BBH,object_counting,10;78
4361,BBH,object_counting,10;78
4362,BBH,object_counting,10;78
4363,BBH,object_counting,78
4364,BBH,object_counting,10;78
4365,BBH,object_counting,10;78
4366,BBH,object_counting,78
4367,BBH,object_counting,78
4368,BBH,object_counting,78
4369,BBH,object_counting,78
4370,BBH,object_counting,10;78
4371,BBH,object_counting,78
4372,BBH,object_counting,10;78
4373,BBH,object_counting,20;78
4374,BBH,object_counting,78
4375,BBH,object_counting,10;78
4376,BBH,object_counting,10;78
4377,BBH,object_counting,10;78
4378,BBH,object_counting,78
4379,BBH,object_counting,78
4380,BBH,object_counting,78
4381,BBH,object_counting,78
4382,BBH,object_counting,78
4383,BBH,object_counting,78
4384,BBH,object_counting,78
4385,BBH,object_counting,78
4386,BBH,object_counting,10;78
4387,BBH,object_counting,78
4388,BBH,object_counting,10;78
4389,BBH,object_counting,78
4390,BBH,object_counting,78
4391,BBH,object_counting,78
4392,BBH,object_counting,78
4393,BBH,object_counting,10;78
4394,BBH,object_counting,78
4395,BBH,object_counting,78
4396,BBH,object_counting,78
4397,BBH,object_counting,78
4398,BBH,object_counting,78
4399,BBH,object_counting,10;78
4400,BBH,object_counting,10;78
4401,BBH,object_counting,78
4402,BBH,object_counting,10;78
4403,BBH,object_counting,78
4404,BBH,object_counting,78
4405,BBH,object_counting,78
4406,BBH,object_counting,78
4407,BBH,object_counting,78
4408,BBH,object_counting,78
4409,BBH,object_counting,78
4410,BBH,object_counting,10;78
4411,BBH,object_counting,10;78
4412,BBH,object_counting,78
4413,BBH,object_counting,78
4414,BBH,object_counting,78
4415,BBH,object_counting,20;78
4416,BBH,object_counting,10;78
4417,BBH,object_counting,78
4418,BBH,object_counting,78
4419,BBH,object_counting,10;78
4420,BBH,object_counting,78
4421,BBH,object_counting,78
4422,BBH,object_counting,10;78
4423,BBH,object_counting,10;78
4424,BBH,object_counting,78
4425,BBH,object_counting,10;78
4426,BBH,object_counting,78
4427,BBH,object_counting,10;78
4428,BBH,object_counting,10;78
4429,BBH,object_counting,10;78
4430,BBH,object_counting,78
4431,BBH,object_counting,78
4432,BBH,object_counting,10;78
4433,BBH,object_counting,10;78
4434,BBH,object_counting,10;78
4435,BBH,object_counting,78
4436,BBH,object_counting,78
4437,BBH,object_counting,78
4438,BBH,object_counting,10;78
4439,BBH,object_counting,78
4440,BBH,object_counting,10;78
4441,BBH,object_counting,10;78
4442,BBH,object_counting,10;78
4443,BBH,object_counting,78
4444,BBH,object_counting,78
4445,BBH,object_counting,10;78
4446,BBH,object_counting,78
4447,BBH,object_counting,78
4448,BBH,object_counting,78
4449,BBH,object_counting,78
4450,BBH,object_counting,10;78
4451,BBH,object_counting,78
4452,BBH,object_counting,78
4453,BBH,object_counting,10;78
4454,BBH,object_counting,10;78
4455,BBH,object_counting,10;78
4456,BBH,object_counting,10;78
4457,BBH,object_counting,78
4458,BBH,object_counting,10;78
4459,BBH,object_counting,78
4460,BBH,object_counting,10;78
4461,BBH,object_counting,78
4462,BBH,object_counting,78
4463,BBH,object_counting,10;78
4464,BBH,object_counting,78
4465,BBH,penguins_in_a_table,20;27;60
4466,BBH,penguins_in_a_table,18;60
4467,BBH,penguins_in_a_table,52;60
4468,BBH,penguins_in_a_table,18;60
4469,BBH,penguins_in_a_table,52;60
4470,BBH,penguins_in_a_table,18;60
4471,BBH,penguins_in_a_table,18;20;60
4472,BBH,penguins_in_a_table,20;60
4473,BBH,penguins_in_a_table,18;60
4474,BBH,penguins_in_a_table,52;60
4475,BBH,penguins_in_a_table,18;60
4476,BBH,penguins_in_a_table,18;60
4477,BBH,penguins_in_a_table,18;60
4478,BBH,penguins_in_a_table,18;20;60
4479,BBH,penguins_in_a_table,52;60
4480,BBH,penguins_in_a_table,18;60
4481,BBH,penguins_in_a_table,18;20;60
4482,BBH,penguins_in_a_table,18;60
4483,BBH,penguins_in_a_table,18;60
4484,BBH,penguins_in_a_table,18;60
4485,BBH,penguins_in_a_table,18;60
4486,BBH,penguins_in_a_table,18;60
4487,BBH,penguins_in_a_table,52;60
4488,BBH,penguins_in_a_table,18;60
4489,BBH,penguins_in_a_table,52;60
4490,BBH,penguins_in_a_table,18;20;60
4491,BBH,penguins_in_a_table,18;60
4492,BBH,penguins_in_a_table,18;60
4493,BBH,penguins_in_a_table,18;60
4494,BBH,penguins_in_a_table,18;60
4495,BBH,penguins_in_a_table,18;60
4496,BBH,penguins_in_a_table,18;60;97
4497,BBH,penguins_in_a_table,18;60
4498,BBH,penguins_in_a_table,18;60
4499,BBH,penguins_in_a_table,52;60
4500,BBH,penguins_in_a_table,18;60
4501,BBH,penguins_in_a_table,18
4502,BBH,penguins_in_a_table,18;60
4503,BBH,penguins_in_a_table,18;20;60
4504,BBH,penguins_in_a_table,18;52;60
4505,BBH,penguins_in_a_table,18;60
4506,BBH,penguins_in_a_table,18;60
4507,BBH,penguins_in_a_table,18;60
4508,BBH,penguins_in_a_table,18;60
4509,BBH,penguins_in_a_table,18;60
4510,BBH,penguins_in_a_table,15;18;60
4511,BBH,penguins_in_a_table,18;60
4512,BBH,penguins_in_a_table,18;60
4513,BBH,penguins_in_a_table,18;60
4514,BBH,penguins_in_a_table,52
4515,BBH,penguins_in_a_table,18;60
4516,BBH,penguins_in_a_table,52;60
4517,BBH,penguins_in_a_table,52;60
4518,BBH,penguins_in_a_table,52;60
4519,BBH,penguins_in_a_table,18;60
4520,BBH,penguins_in_a_table,52;60
4521,BBH,penguins_in_a_table,52;60
4522,BBH,penguins_in_a_table,52;60
4523,BBH,penguins_in_a_table,52
4524,BBH,penguins_in_a_table,52;60
4525,BBH,penguins_in_a_table,18;60
4526,BBH,penguins_in_a_table,52;60
4527,BBH,penguins_in_a_table,52;60
4528,BBH,penguins_in_a_table,52;60
4529,BBH,penguins_in_a_table,18;60
4530,BBH,penguins_in_a_table,18;60
4531,BBH,penguins_in_a_table,15;18;60
4532,BBH,penguins_in_a_table,18;20;60
4533,BBH,penguins_in_a_table,18;60
4534,BBH,penguins_in_a_table,18;60
4535,BBH,penguins_in_a_table,18;60
4536,BBH,penguins_in_a_table,18;60
4537,BBH,penguins_in_a_table,52;60
4538,BBH,penguins_in_a_table,18;52;60
4539,BBH,penguins_in_a_table,18;20;60
4540,BBH,penguins_in_a_table,18;20;60
4541,BBH,penguins_in_a_table,52;60
4542,BBH,penguins_in_a_table,18;60
4543,BBH,penguins_in_a_table,18;60;93
4544,BBH,penguins_in_a_table,15;18;60
4545,BBH,penguins_in_a_table,18;60
4546,BBH,penguins_in_a_table,18;60
4547,BBH,penguins_in_a_table,18;60
4548,BBH,penguins_in_a_table,18;60
4549,BBH,penguins_in_a_table,18;60
4550,BBH,penguins_in_a_table,18;60
4551,BBH,penguins_in_a_table,52;60
4552,BBH,penguins_in_a_table,18;60
4553,BBH,penguins_in_a_table,15;18;60
4554,BBH,penguins_in_a_table,18;60;97
4555,BBH,penguins_in_a_table,52
4556,BBH,penguins_in_a_table,18;60
4557,BBH,penguins_in_a_table,52
4558,BBH,penguins_in_a_table,18;60
4559,BBH,penguins_in_a_table,15;18;60
4560,BBH,penguins_in_a_table,52;60
4561,BBH,penguins_in_a_table,18;20;60
4562,BBH,penguins_in_a_table,18;52;60
4563,BBH,penguins_in_a_table,18;60
4564,BBH,penguins_in_a_table,52;60
4565,BBH,penguins_in_a_table,18;60
4566,BBH,penguins_in_a_table,18;60
4567,BBH,penguins_in_a_table,18;60
4568,BBH,penguins_in_a_table,52
4569,BBH,penguins_in_a_table,18;60
4570,BBH,penguins_in_a_table,18;60
4571,BBH,penguins_in_a_table,18;60
4572,BBH,penguins_in_a_table,52
4573,BBH,penguins_in_a_table,52
4574,BBH,penguins_in_a_table,52;60
4575,BBH,penguins_in_a_table,52;60
4576,BBH,penguins_in_a_table,52;60
4577,BBH,penguins_in_a_table,52;60
4578,BBH,penguins_in_a_table,18;60
4579,BBH,penguins_in_a_table,18;60
4580,BBH,penguins_in_a_table,18;52
4581,BBH,penguins_in_a_table,18;52
4582,BBH,penguins_in_a_table,18;20;60
4583,BBH,penguins_in_a_table,52;60
4584,BBH,penguins_in_a_table,18
4585,BBH,penguins_in_a_table,18;60
4586,BBH,penguins_in_a_table,18;60
4587,BBH,penguins_in_a_table,18;60
4588,BBH,penguins_in_a_table,18;60
4589,BBH,penguins_in_a_table,52
4590,BBH,penguins_in_a_table,18;60
4591,BBH,penguins_in_a_table,18;60
4592,BBH,penguins_in_a_table,18;60
4593,BBH,penguins_in_a_table,18;60
4594,BBH,penguins_in_a_table,60
4595,BBH,penguins_in_a_table,18;60
4596,BBH,penguins_in_a_table,52;60
4597,BBH,penguins_in_a_table,18;20;60
4598,BBH,penguins_in_a_table,18;60
4599,BBH,penguins_in_a_table,18;60
4600,BBH,penguins_in_a_table,18;60
4601,BBH,penguins_in_a_table,52
4602,BBH,penguins_in_a_table,52;60
4603,BBH,penguins_in_a_table,52;60
4604,BBH,penguins_in_a_table,18;60
4605,BBH,penguins_in_a_table,52
4606,BBH,penguins_in_a_table,18;20;60
4607,BBH,penguins_in_a_table,18;60
4608,BBH,penguins_in_a_table,52
4609,BBH,penguins_in_a_table,18;60
4610,BBH,penguins_in_a_table,18;60
4611,BBH,reasoning_about_colored_objects,20
4612,BBH,reasoning_about_colored_objects,20
4613,BBH,reasoning_about_colored_objects,20
4614,BBH,reasoning_about_colored_objects,20
4615,BBH,reasoning_about_colored_objects,20
4616,BBH,reasoning_about_colored_objects,20
4617,BBH,reasoning_about_colored_objects,20
4618,BBH,reasoning_about_colored_objects,20
4619,BBH,reasoning_about_colored_objects,20
4620,BBH,reasoning_about_colored_objects,20
4621,BBH,reasoning_about_colored_objects,20
4622,BBH,reasoning_about_colored_objects,20
4623,BBH,reasoning_about_colored_objects,20;26
4624,BBH,reasoning_about_colored_objects,20
4625,BBH,reasoning_about_colored_objects,20
4626,BBH,reasoning_about_colored_objects,20
4627,BBH,reasoning_about_colored_objects,20
4628,BBH,reasoning_about_colored_objects,20
4629,BBH,reasoning_about_colored_objects,20
4630,BBH,reasoning_about_colored_objects,20
4631,BBH,reasoning_about_colored_objects,20
4632,BBH,reasoning_about_colored_objects,20
4633,BBH,reasoning_about_colored_objects,20
4634,BBH,reasoning_about_colored_objects,20
4635,BBH,reasoning_about_colored_objects,20;36
4636,BBH,reasoning_about_colored_objects,20
4637,BBH,reasoning_about_colored_objects,20
4638,BBH,reasoning_about_colored_objects,20
4639,BBH,reasoning_about_colored_objects,20
4640,BBH,reasoning_about_colored_objects,20
4641,BBH,reasoning_about_colored_objects,20
4642,BBH,reasoning_about_colored_objects,20
4643,BBH,reasoning_about_colored_objects,20
4644,BBH,reasoning_about_colored_objects,20
4645,BBH,reasoning_about_colored_objects,20
4646,BBH,reasoning_about_colored_objects,20
4647,BBH,reasoning_about_colored_objects,20
4648,BBH,reasoning_about_colored_objects,20
4649,BBH,reasoning_about_colored_objects,20
4650,BBH,reasoning_about_colored_objects,20
4651,BBH,reasoning_about_colored_objects,20
4652,BBH,reasoning_about_colored_objects,20
4653,BBH,reasoning_about_colored_objects,20
4654,BBH,reasoning_about_colored_objects,20
4655,BBH,reasoning_about_colored_objects,20
4656,BBH,reasoning_about_colored_objects,20
4657,BBH,reasoning_about_colored_objects,20
4658,BBH,reasoning_about_colored_objects,20
4659,BBH,reasoning_about_colored_objects,20
4660,BBH,reasoning_about_colored_objects,20
4661,BBH,reasoning_about_colored_objects,20
4662,BBH,reasoning_about_colored_objects,20
4663,BBH,reasoning_about_colored_objects,20
4664,BBH,reasoning_about_colored_objects,20
4665,BBH,reasoning_about_colored_objects,20
4666,BBH,reasoning_about_colored_objects,20
4667,BBH,reasoning_about_colored_objects,20
4668,BBH,reasoning_about_colored_objects,20
4669,BBH,reasoning_about_colored_objects,20
4670,BBH,reasoning_about_colored_objects,20
4671,BBH,reasoning_about_colored_objects,20
4672,BBH,reasoning_about_colored_objects,20
4673,BBH,reasoning_about_colored_objects,20
4674,BBH,reasoning_about_colored_objects,20
4675,BBH,reasoning_about_colored_objects,20
4676,BBH,reasoning_about_colored_objects,20;36
4677,BBH,reasoning_about_colored_objects,20
4678,BBH,reasoning_about_colored_objects,20
4679,BBH,reasoning_about_colored_objects,20
4680,BBH,reasoning_about_colored_objects,20
4681,BBH,reasoning_about_colored_objects,20
4682,BBH,reasoning_about_colored_objects,20
4683,BBH,reasoning_about_colored_objects,20
4684,BBH,reasoning_about_colored_objects,20
4685,BBH,reasoning_about_colored_objects,20
4686,BBH,reasoning_about_colored_objects,20
4687,BBH,reasoning_about_colored_objects,20
4688,BBH,reasoning_about_colored_objects,20;36
4689,BBH,reasoning_about_colored_objects,20
4690,BBH,reasoning_about_colored_objects,20
4691,BBH,reasoning_about_colored_objects,20
4692,BBH,reasoning_about_colored_objects,20
4693,BBH,reasoning_about_colored_objects,20
4694,BBH,reasoning_about_colored_objects,20
4695,BBH,reasoning_about_colored_objects,20
4696,BBH,reasoning_about_colored_objects,20
4697,BBH,reasoning_about_colored_objects,20
4698,BBH,reasoning_about_colored_objects,20
4699,BBH,reasoning_about_colored_objects,20
4700,BBH,reasoning_about_colored_objects,20
4701,BBH,reasoning_about_colored_objects,20
4702,BBH,reasoning_about_colored_objects,20
4703,BBH,reasoning_about_colored_objects,20
4704,BBH,reasoning_about_colored_objects,20
4705,BBH,reasoning_about_colored_objects,20
4706,BBH,reasoning_about_colored_objects,20
4707,BBH,reasoning_about_colored_objects,20
4708,BBH,reasoning_about_colored_objects,20
4709,BBH,reasoning_about_colored_objects,20
4710,BBH,reasoning_about_colored_objects,20
4711,BBH,reasoning_about_colored_objects,20
4712,BBH,reasoning_about_colored_objects,20
4713,BBH,reasoning_about_colored_objects,20
4714,BBH,reasoning_about_colored_objects,20;36
4715,BBH,reasoning_about_colored_objects,20
4716,BBH,reasoning_about_colored_objects,20
4717,BBH,reasoning_about_colored_objects,20
4718,BBH,reasoning_about_colored_objects,20
4719,BBH,reasoning_about_colored_objects,20
4720,BBH,reasoning_about_colored_objects,20
4721,BBH,reasoning_about_colored_objects,20
4722,BBH,reasoning_about_colored_objects,20
4723,BBH,reasoning_about_colored_objects,20
4724,BBH,reasoning_about_colored_objects,20
4725,BBH,reasoning_about_colored_objects,20
4726,BBH,reasoning_about_colored_objects,20
4727,BBH,reasoning_about_colored_objects,20;36
4728,BBH,reasoning_about_colored_objects,20
4729,BBH,reasoning_about_colored_objects,20
4730,BBH,reasoning_about_colored_objects,20
4731,BBH,reasoning_about_colored_objects,20
4732,BBH,reasoning_about_colored_objects,20
4733,BBH,reasoning_about_colored_objects,20
4734,BBH,reasoning_about_colored_objects,20
4735,BBH,reasoning_about_colored_objects,20
4736,BBH,reasoning_about_colored_objects,20
4737,BBH,reasoning_about_colored_objects,20
4738,BBH,reasoning_about_colored_objects,20
4739,BBH,reasoning_about_colored_objects,20
4740,BBH,reasoning_about_colored_objects,20
4741,BBH,reasoning_about_colored_objects,20
4742,BBH,reasoning_about_colored_objects,20
4743,BBH,reasoning_about_colored_objects,20
4744,BBH,reasoning_about_colored_objects,20
4745,BBH,reasoning_about_colored_objects,20
4746,BBH,reasoning_about_colored_objects,20
4747,BBH,reasoning_about_colored_objects,20
4748,BBH,reasoning_about_colored_objects,20
4749,BBH,reasoning_about_colored_objects,20
4750,BBH,reasoning_about_colored_objects,20
4751,BBH,reasoning_about_colored_objects,20
4752,BBH,reasoning_about_colored_objects,20
4753,BBH,reasoning_about_colored_objects,20
4754,BBH,reasoning_about_colored_objects,20
4755,BBH,reasoning_about_colored_objects,20
4756,BBH,reasoning_about_colored_objects,20;36
4757,BBH,reasoning_about_colored_objects,20
4758,BBH,reasoning_about_colored_objects,20
4759,BBH,reasoning_about_colored_objects,20
4760,BBH,reasoning_about_colored_objects,20
4761,BBH,reasoning_about_colored_objects,20
4762,BBH,reasoning_about_colored_objects,20
4763,BBH,reasoning_about_colored_objects,20
4764,BBH,reasoning_about_colored_objects,20
4765,BBH,reasoning_about_colored_objects,20
4766,BBH,reasoning_about_colored_objects,20
4767,BBH,reasoning_about_colored_objects,20
4768,BBH,reasoning_about_colored_objects,20
4769,BBH,reasoning_about_colored_objects,20
4770,BBH,reasoning_about_colored_objects,20
4771,BBH,reasoning_about_colored_objects,20
4772,BBH,reasoning_about_colored_objects,20
4773,BBH,reasoning_about_colored_objects,20
4774,BBH,reasoning_about_colored_objects,20
4775,BBH,reasoning_about_colored_objects,20
4776,BBH,reasoning_about_colored_objects,20
4777,BBH,reasoning_about_colored_objects,20
4778,BBH,reasoning_about_colored_objects,20
4779,BBH,reasoning_about_colored_objects,20
4780,BBH,reasoning_about_colored_objects,20
4781,BBH,reasoning_about_colored_objects,20
4782,BBH,reasoning_about_colored_objects,20
4783,BBH,reasoning_about_colored_objects,20
4784,BBH,reasoning_about_colored_objects,20
4785,BBH,reasoning_about_colored_objects,20
4786,BBH,reasoning_about_colored_objects,20
4787,BBH,reasoning_about_colored_objects,20
4788,BBH,reasoning_about_colored_objects,20
4789,BBH,reasoning_about_colored_objects,20
4790,BBH,reasoning_about_colored_objects,20
4791,BBH,reasoning_about_colored_objects,20
4792,BBH,reasoning_about_colored_objects,20
4793,BBH,reasoning_about_colored_objects,20
4794,BBH,reasoning_about_colored_objects,20
4795,BBH,reasoning_about_colored_objects,20
4796,BBH,reasoning_about_colored_objects,20
4797,BBH,reasoning_about_colored_objects,20
4798,BBH,reasoning_about_colored_objects,20
4799,BBH,reasoning_about_colored_objects,20
4800,BBH,reasoning_about_colored_objects,20
4801,BBH,reasoning_about_colored_objects,20
4802,BBH,reasoning_about_colored_objects,20
4803,BBH,reasoning_about_colored_objects,20
4804,BBH,reasoning_about_colored_objects,20
4805,BBH,reasoning_about_colored_objects,20
4806,BBH,reasoning_about_colored_objects,20
4807,BBH,reasoning_about_colored_objects,20
4808,BBH,reasoning_about_colored_objects,20
4809,BBH,reasoning_about_colored_objects,20
4810,BBH,reasoning_about_colored_objects,20
4811,BBH,reasoning_about_colored_objects,20
4812,BBH,reasoning_about_colored_objects,20
4813,BBH,reasoning_about_colored_objects,20
4814,BBH,reasoning_about_colored_objects,20;36
4815,BBH,reasoning_about_colored_objects,20
4816,BBH,reasoning_about_colored_objects,20
4817,BBH,reasoning_about_colored_objects,20
4818,BBH,reasoning_about_colored_objects,20
4819,BBH,reasoning_about_colored_objects,20
4820,BBH,reasoning_about_colored_objects,20
4821,BBH,reasoning_about_colored_objects,20
4822,BBH,reasoning_about_colored_objects,20;36
4823,BBH,reasoning_about_colored_objects,20
4824,BBH,reasoning_about_colored_objects,20
4825,BBH,reasoning_about_colored_objects,20
4826,BBH,reasoning_about_colored_objects,20
4827,BBH,reasoning_about_colored_objects,20
4828,BBH,reasoning_about_colored_objects,20
4829,BBH,reasoning_about_colored_objects,20
4830,BBH,reasoning_about_colored_objects,20;36
4831,BBH,reasoning_about_colored_objects,20
4832,BBH,reasoning_about_colored_objects,20
4833,BBH,reasoning_about_colored_objects,20
4834,BBH,reasoning_about_colored_objects,20
4835,BBH,reasoning_about_colored_objects,20
4836,BBH,reasoning_about_colored_objects,20
4837,BBH,reasoning_about_colored_objects,20
4838,BBH,reasoning_about_colored_objects,20;36
4839,BBH,reasoning_about_colored_objects,20
4840,BBH,reasoning_about_colored_objects,20
4841,BBH,reasoning_about_colored_objects,20
4842,BBH,reasoning_about_colored_objects,20
4843,BBH,reasoning_about_colored_objects,20
4844,BBH,reasoning_about_colored_objects,20
4845,BBH,reasoning_about_colored_objects,20
4846,BBH,reasoning_about_colored_objects,20
4847,BBH,reasoning_about_colored_objects,20
4848,BBH,reasoning_about_colored_objects,20
4849,BBH,reasoning_about_colored_objects,20
4850,BBH,reasoning_about_colored_objects,20
4851,BBH,reasoning_about_colored_objects,20
4852,BBH,reasoning_about_colored_objects,20
4853,BBH,reasoning_about_colored_objects,20
4854,BBH,reasoning_about_colored_objects,20
4855,BBH,reasoning_about_colored_objects,20
4856,BBH,reasoning_about_colored_objects,20
4857,BBH,reasoning_about_colored_objects,20
4858,BBH,reasoning_about_colored_objects,20
4859,BBH,reasoning_about_colored_objects,20
4860,BBH,reasoning_about_colored_objects,20
4861,BBH,ruin_names,29;97
4862,BBH,ruin_names,32;97
4863,BBH,ruin_names,29;32
4864,BBH,ruin_names,29;97
4865,BBH,ruin_names,29;97
4866,BBH,ruin_names,29;32
4867,BBH,ruin_names,32;97
4868,BBH,ruin_names,29;97
4869,BBH,ruin_names,29;97
4870,BBH,ruin_names,97
4871,BBH,ruin_names,97
4872,BBH,ruin_names,29;97
4873,BBH,ruin_names,29;97
4874,BBH,ruin_names,29;32;97
4875,BBH,ruin_names,29;32;97
4876,BBH,ruin_names,29;97
4877,BBH,ruin_names,29;32;97
4878,BBH,ruin_names,29;97
4879,BBH,ruin_names,7;29;97
4880,BBH,ruin_names,29;97
4881,BBH,ruin_names,29;97
4882,BBH,ruin_names,29;97
4883,BBH,ruin_names,29;32;97
4884,BBH,ruin_names,7;29;97
4885,BBH,ruin_names,32;97
4886,BBH,ruin_names,32;97
4887,BBH,ruin_names,29;97
4888,BBH,ruin_names,97
4889,BBH,ruin_names,32;97
4890,BBH,ruin_names,29;97
4891,BBH,ruin_names,29;97
4892,BBH,ruin_names,7;97
4893,BBH,ruin_names,97
4894,BBH,ruin_names,29;97
4895,BBH,ruin_names,29;32;97
4896,BBH,ruin_names,29;97
4897,BBH,ruin_names,29;97
4898,BBH,ruin_names,29;32;97
4899,BBH,ruin_names,29;32;97
4900,BBH,ruin_names,29;32;97
4901,BBH,ruin_names,29;97
4902,BBH,ruin_names,29;97
4903,BBH,ruin_names,29;97
4904,BBH,ruin_names,32
4905,BBH,ruin_names,29;97
4906,BBH,ruin_names,29;97
4907,BBH,ruin_names,29;97
4908,BBH,ruin_names,29;97
4909,BBH,ruin_names,29;32
4910,BBH,ruin_names,7;29;97
4911,BBH,ruin_names,32;97
4912,BBH,ruin_names,29;32
4913,BBH,ruin_names,29;97
4914,BBH,ruin_names,32;97
4915,BBH,ruin_names,29;97
4916,BBH,ruin_names,97
4917,BBH,ruin_names,29;97
4918,BBH,ruin_names,29;97
4919,BBH,ruin_names,29;97
4920,BBH,ruin_names,29;97
4921,BBH,ruin_names,29;97
4922,BBH,ruin_names,29;97
4923,BBH,ruin_names,29;97
4924,BBH,ruin_names,97
4925,BBH,ruin_names,97
4926,BBH,ruin_names,32
4927,BBH,ruin_names,29;32;97
4928,BBH,ruin_names,29;97
4929,BBH,ruin_names,29;97
4930,BBH,ruin_names,32;97
4931,BBH,ruin_names,29;97
4932,BBH,ruin_names,29;97
4933,BBH,ruin_names,29;97
4934,BBH,ruin_names,7;29;97
4935,BBH,ruin_names,29;97
4936,BBH,ruin_names,29;97
4937,BBH,ruin_names,29;97
4938,BBH,ruin_names,32;97
4939,BBH,ruin_names,29;97
4940,BBH,ruin_names,29;97
4941,BBH,ruin_names,29;97
4942,BBH,ruin_names,29;97
4943,BBH,ruin_names,97
4944,BBH,ruin_names,29;97
4945,BBH,ruin_names,97
4946,BBH,ruin_names,29;97
4947,BBH,ruin_names,29;97
4948,BBH,ruin_names,29;32
4949,BBH,ruin_names,97
4950,BBH,ruin_names,29;97
4951,BBH,ruin_names,29;97
4952,BBH,ruin_names,97
4953,BBH,ruin_names,32
4954,BBH,ruin_names,29;32;97
4955,BBH,ruin_names,97
4956,BBH,ruin_names,29;32;97
4957,BBH,ruin_names,29;32
4958,BBH,ruin_names,7;29;97
4959,BBH,ruin_names,29;32;97
4960,BBH,ruin_names,29;32;97
4961,BBH,ruin_names,29;32
4962,BBH,ruin_names,29;97
4963,BBH,ruin_names,29;97
4964,BBH,ruin_names,29;32;97
4965,BBH,ruin_names,32
4966,BBH,ruin_names,29;97
4967,BBH,ruin_names,32;97
4968,BBH,ruin_names,29;97
4969,BBH,ruin_names,7;29;97
4970,BBH,ruin_names,29;97
4971,BBH,ruin_names,7;29;97
4972,BBH,ruin_names,32;97
4973,BBH,ruin_names,29;32;97
4974,BBH,ruin_names,29;97
4975,BBH,ruin_names,29;97
4976,BBH,ruin_names,7;29;97
4977,BBH,ruin_names,29;97
4978,BBH,ruin_names,29;97
4979,BBH,ruin_names,29;97
4980,BBH,ruin_names,29;32;97
4981,BBH,ruin_names,29;97
4982,BBH,ruin_names,29;32;97
4983,BBH,ruin_names,29;97
4984,BBH,ruin_names,29;32;97
4985,BBH,ruin_names,29;97
4986,BBH,ruin_names,29;97
4987,BBH,ruin_names,97
4988,BBH,ruin_names,29;32
4989,BBH,ruin_names,29;97
4990,BBH,ruin_names,29;97
4991,BBH,ruin_names,29;97
4992,BBH,ruin_names,29;97
4993,BBH,ruin_names,29;97
4994,BBH,ruin_names,29;32;97
4995,BBH,ruin_names,29;97
4996,BBH,ruin_names,29;97
4997,BBH,ruin_names,29;32;97
4998,BBH,ruin_names,32;97
4999,BBH,ruin_names,7;29;97
5000,BBH,ruin_names,32;97
5001,BBH,ruin_names,29;97
5002,BBH,ruin_names,29;97
5003,BBH,ruin_names,29;97
5004,BBH,ruin_names,29;97
5005,BBH,ruin_names,32;97
5006,BBH,ruin_names,29;97
5007,BBH,ruin_names,29;32;97
5008,BBH,ruin_names,29;97
5009,BBH,ruin_names,29;97
5010,BBH,ruin_names,7;29;97
5011,BBH,ruin_names,29;32
5012,BBH,ruin_names,29;97
5013,BBH,ruin_names,7;29;97
5014,BBH,ruin_names,29;97
5015,BBH,ruin_names,29;97
5016,BBH,ruin_names,32;97
5017,BBH,ruin_names,29;97
5018,BBH,ruin_names,29;97
5019,BBH,ruin_names,29;97
5020,BBH,ruin_names,29;97
5021,BBH,ruin_names,29;97
5022,BBH,ruin_names,29;97
5023,BBH,ruin_names,29;97
5024,BBH,ruin_names,29;32;97
5025,BBH,ruin_names,32;97
5026,BBH,ruin_names,7;29;97
5027,BBH,ruin_names,29;97
5028,BBH,ruin_names,97
5029,BBH,ruin_names,29;97
5030,BBH,ruin_names,7;29;97
5031,BBH,ruin_names,29;97
5032,BBH,ruin_names,29;97
5033,BBH,ruin_names,29;32;97
5034,BBH,ruin_names,29;97
5035,BBH,ruin_names,32
5036,BBH,ruin_names,29;32;97
5037,BBH,ruin_names,7;29;97
5038,BBH,ruin_names,29;97
5039,BBH,ruin_names,29;97
5040,BBH,ruin_names,29;32
5041,BBH,ruin_names,29;97
5042,BBH,ruin_names,29;32;97
5043,BBH,ruin_names,29;97
5044,BBH,ruin_names,29;97
5045,BBH,ruin_names,29;97
5046,BBH,ruin_names,32;97
5047,BBH,ruin_names,29;32;97
5048,BBH,ruin_names,29;97
5049,BBH,ruin_names,32;97
5050,BBH,ruin_names,97
5051,BBH,ruin_names,29;97
5052,BBH,ruin_names,29;97
5053,BBH,ruin_names,32;97
5054,BBH,ruin_names,97
5055,BBH,ruin_names,97
5056,BBH,ruin_names,29;32;97
5057,BBH,ruin_names,29;32;97
5058,BBH,ruin_names,29;97
5059,BBH,ruin_names,7;29;97
5060,BBH,ruin_names,29;97
5061,BBH,ruin_names,32;97
5062,BBH,ruin_names,29;97
5063,BBH,ruin_names,29;97
5064,BBH,ruin_names,97
5065,BBH,ruin_names,29;97
5066,BBH,ruin_names,29;97
5067,BBH,ruin_names,29;97
5068,BBH,ruin_names,7;29;97
5069,BBH,ruin_names,29;97
5070,BBH,ruin_names,7;29;97
5071,BBH,ruin_names,29;97
5072,BBH,ruin_names,29;32
5073,BBH,ruin_names,97
5074,BBH,ruin_names,29;97
5075,BBH,ruin_names,97
5076,BBH,ruin_names,29;97
5077,BBH,ruin_names,29;97
5078,BBH,ruin_names,29;32;97
5079,BBH,ruin_names,29;32;97
5080,BBH,ruin_names,29;97
5081,BBH,ruin_names,97
5082,BBH,ruin_names,29;32
5083,BBH,ruin_names,29;32
5084,BBH,ruin_names,7;32
5085,BBH,ruin_names,29;97
5086,BBH,ruin_names,29;32;97
5087,BBH,ruin_names,29;97
5088,BBH,ruin_names,29;97
5089,BBH,ruin_names,29;97
5090,BBH,ruin_names,29;97
5091,BBH,ruin_names,29;97
5092,BBH,ruin_names,29;32;97
5093,BBH,ruin_names,29;97
5094,BBH,ruin_names,29;32
5095,BBH,ruin_names,29;97
5096,BBH,ruin_names,29;32;97
5097,BBH,ruin_names,29;97
5098,BBH,ruin_names,29;97
5099,BBH,ruin_names,29;97
5100,BBH,ruin_names,29;32;97
5101,BBH,ruin_names,32;97
5102,BBH,ruin_names,29;97
5103,BBH,ruin_names,7;97
5104,BBH,ruin_names,29;97
5105,BBH,ruin_names,29;32;97
5106,BBH,ruin_names,29;97
5107,BBH,ruin_names,29;97
5108,BBH,ruin_names,7;29;97
5109,BBH,ruin_names,97
5110,BBH,ruin_names,29;97
5111,BBH,salient_translation_error_detection,97
5112,BBH,salient_translation_error_detection,97
5113,BBH,salient_translation_error_detection,97
5114,BBH,salient_translation_error_detection,97
5115,BBH,salient_translation_error_detection,97
5116,BBH,salient_translation_error_detection,97
5117,BBH,salient_translation_error_detection,97
5118,BBH,salient_translation_error_detection,97
5119,BBH,salient_translation_error_detection,97
5120,BBH,salient_translation_error_detection,97
5121,BBH,salient_translation_error_detection,97
5122,BBH,salient_translation_error_detection,97
5123,BBH,salient_translation_error_detection,97
5124,BBH,salient_translation_error_detection,97
5125,BBH,salient_translation_error_detection,18;97
5126,BBH,salient_translation_error_detection,15;97
5127,BBH,salient_translation_error_detection,97
5128,BBH,salient_translation_error_detection,97
5129,BBH,salient_translation_error_detection,97
5130,BBH,salient_translation_error_detection,97
5131,BBH,salient_translation_error_detection,32;97
5132,BBH,salient_translation_error_detection,97
5133,BBH,salient_translation_error_detection,97
5134,BBH,salient_translation_error_detection,97
5135,BBH,salient_translation_error_detection,97
5136,BBH,salient_translation_error_detection,97
5137,BBH,salient_translation_error_detection,97
5138,BBH,salient_translation_error_detection,32;97
5139,BBH,salient_translation_error_detection,97
5140,BBH,salient_translation_error_detection,97
5141,BBH,salient_translation_error_detection,97
5142,BBH,salient_translation_error_detection,97
5143,BBH,salient_translation_error_detection,97
5144,BBH,salient_translation_error_detection,97
5145,BBH,salient_translation_error_detection,97
5146,BBH,salient_translation_error_detection,97
5147,BBH,salient_translation_error_detection,97
5148,BBH,salient_translation_error_detection,97
5149,BBH,salient_translation_error_detection,97
5150,BBH,salient_translation_error_detection,97
5151,BBH,salient_translation_error_detection,97
5152,BBH,salient_translation_error_detection,97
5153,BBH,salient_translation_error_detection,97
5154,BBH,salient_translation_error_detection,97
5155,BBH,salient_translation_error_detection,97
5156,BBH,salient_translation_error_detection,97
5157,BBH,salient_translation_error_detection,97
5158,BBH,salient_translation_error_detection,97
5159,BBH,salient_translation_error_detection,3;97
5160,BBH,salient_translation_error_detection,97
5161,BBH,salient_translation_error_detection,97
5162,BBH,salient_translation_error_detection,97
5163,BBH,salient_translation_error_detection,97
5164,BBH,salient_translation_error_detection,97
5165,BBH,salient_translation_error_detection,97
5166,BBH,salient_translation_error_detection,7;23;32
5167,BBH,salient_translation_error_detection,7;32;97
5168,BBH,salient_translation_error_detection,97
5169,BBH,salient_translation_error_detection,97
5170,BBH,salient_translation_error_detection,97
5171,BBH,salient_translation_error_detection,97
5172,BBH,salient_translation_error_detection,97
5173,BBH,salient_translation_error_detection,32;97
5174,BBH,salient_translation_error_detection,97
5175,BBH,salient_translation_error_detection,97
5176,BBH,salient_translation_error_detection,97
5177,BBH,salient_translation_error_detection,97
5178,BBH,salient_translation_error_detection,32;97
5179,BBH,salient_translation_error_detection,97
5180,BBH,salient_translation_error_detection,97
5181,BBH,salient_translation_error_detection,97
5182,BBH,salient_translation_error_detection,97
5183,BBH,salient_translation_error_detection,97
5184,BBH,salient_translation_error_detection,97
5185,BBH,salient_translation_error_detection,97
5186,BBH,salient_translation_error_detection,97
5187,BBH,salient_translation_error_detection,97
5188,BBH,salient_translation_error_detection,97
5189,BBH,salient_translation_error_detection,32;97
5190,BBH,salient_translation_error_detection,97
5191,BBH,salient_translation_error_detection,97
5192,BBH,salient_translation_error_detection,32;97
5193,BBH,salient_translation_error_detection,97
5194,BBH,salient_translation_error_detection,97
5195,BBH,salient_translation_error_detection,97
5196,BBH,salient_translation_error_detection,97
5197,BBH,salient_translation_error_detection,7;97
5198,BBH,salient_translation_error_detection,97
5199,BBH,salient_translation_error_detection,97
5200,BBH,salient_translation_error_detection,97
5201,BBH,salient_translation_error_detection,97
5202,BBH,salient_translation_error_detection,97
5203,BBH,salient_translation_error_detection,97
5204,BBH,salient_translation_error_detection,97
5205,BBH,salient_translation_error_detection,97
5206,BBH,salient_translation_error_detection,97
5207,BBH,salient_translation_error_detection,97
5208,BBH,salient_translation_error_detection,97
5209,BBH,salient_translation_error_detection,97
5210,BBH,salient_translation_error_detection,97
5211,BBH,salient_translation_error_detection,97
5212,BBH,salient_translation_error_detection,97
5213,BBH,salient_translation_error_detection,97
5214,BBH,salient_translation_error_detection,97
5215,BBH,salient_translation_error_detection,97
5216,BBH,salient_translation_error_detection,97
5217,BBH,salient_translation_error_detection,97
5218,BBH,salient_translation_error_detection,97
5219,BBH,salient_translation_error_detection,32;97
5220,BBH,salient_translation_error_detection,97
5221,BBH,salient_translation_error_detection,97
5222,BBH,salient_translation_error_detection,97
5223,BBH,salient_translation_error_detection,97
5224,BBH,salient_translation_error_detection,32;97
5225,BBH,salient_translation_error_detection,97
5226,BBH,salient_translation_error_detection,97
5227,BBH,salient_translation_error_detection,97
5228,BBH,salient_translation_error_detection,97
5229,BBH,salient_translation_error_detection,97
5230,BBH,salient_translation_error_detection,97
5231,BBH,salient_translation_error_detection,97
5232,BBH,salient_translation_error_detection,97
5233,BBH,salient_translation_error_detection,97
5234,BBH,salient_translation_error_detection,97
5235,BBH,salient_translation_error_detection,97
5236,BBH,salient_translation_error_detection,97
5237,BBH,salient_translation_error_detection,97
5238,BBH,salient_translation_error_detection,97
5239,BBH,salient_translation_error_detection,97
5240,BBH,salient_translation_error_detection,97
5241,BBH,salient_translation_error_detection,32;97
5242,BBH,salient_translation_error_detection,97
5243,BBH,salient_translation_error_detection,97
5244,BBH,salient_translation_error_detection,97
5245,BBH,salient_translation_error_detection,97
5246,BBH,salient_translation_error_detection,97
5247,BBH,salient_translation_error_detection,97
5248,BBH,salient_translation_error_detection,97
5249,BBH,salient_translation_error_detection,32;97
5250,BBH,salient_translation_error_detection,97
5251,BBH,salient_translation_error_detection,97
5252,BBH,salient_translation_error_detection,97
5253,BBH,salient_translation_error_detection,7;51;97
5254,BBH,salient_translation_error_detection,97
5255,BBH,salient_translation_error_detection,97
5256,BBH,salient_translation_error_detection,97
5257,BBH,salient_translation_error_detection,97
5258,BBH,salient_translation_error_detection,97
5259,BBH,salient_translation_error_detection,97
5260,BBH,salient_translation_error_detection,97
5261,BBH,salient_translation_error_detection,97
5262,BBH,salient_translation_error_detection,97
5263,BBH,salient_translation_error_detection,97
5264,BBH,salient_translation_error_detection,97
5265,BBH,salient_translation_error_detection,97
5266,BBH,salient_translation_error_detection,97
5267,BBH,salient_translation_error_detection,97
5268,BBH,salient_translation_error_detection,97
5269,BBH,salient_translation_error_detection,97
5270,BBH,salient_translation_error_detection,32;97
5271,BBH,salient_translation_error_detection,97
5272,BBH,salient_translation_error_detection,97
5273,BBH,salient_translation_error_detection,97
5274,BBH,salient_translation_error_detection,97
5275,BBH,salient_translation_error_detection,97
5276,BBH,salient_translation_error_detection,97
5277,BBH,salient_translation_error_detection,97
5278,BBH,salient_translation_error_detection,97
5279,BBH,salient_translation_error_detection,32;97
5280,BBH,salient_translation_error_detection,32;97
5281,BBH,salient_translation_error_detection,97
5282,BBH,salient_translation_error_detection,97
5283,BBH,salient_translation_error_detection,97
5284,BBH,salient_translation_error_detection,97
5285,BBH,salient_translation_error_detection,97
5286,BBH,salient_translation_error_detection,97
5287,BBH,salient_translation_error_detection,97
5288,BBH,salient_translation_error_detection,97
5289,BBH,salient_translation_error_detection,32;97
5290,BBH,salient_translation_error_detection,97
5291,BBH,salient_translation_error_detection,97
5292,BBH,salient_translation_error_detection,97
5293,BBH,salient_translation_error_detection,32;97
5294,BBH,salient_translation_error_detection,97
5295,BBH,salient_translation_error_detection,97
5296,BBH,salient_translation_error_detection,97
5297,BBH,salient_translation_error_detection,97
5298,BBH,salient_translation_error_detection,97
5299,BBH,salient_translation_error_detection,97
5300,BBH,salient_translation_error_detection,97
5301,BBH,salient_translation_error_detection,97
5302,BBH,salient_translation_error_detection,97
5303,BBH,salient_translation_error_detection,97
5304,BBH,salient_translation_error_detection,97
5305,BBH,salient_translation_error_detection,97
5306,BBH,salient_translation_error_detection,97
5307,BBH,salient_translation_error_detection,97
5308,BBH,salient_translation_error_detection,97
5309,BBH,salient_translation_error_detection,97
5310,BBH,salient_translation_error_detection,97
5311,BBH,salient_translation_error_detection,97
5312,BBH,salient_translation_error_detection,97
5313,BBH,salient_translation_error_detection,97
5314,BBH,salient_translation_error_detection,97
5315,BBH,salient_translation_error_detection,97
5316,BBH,salient_translation_error_detection,97
5317,BBH,salient_translation_error_detection,97
5318,BBH,salient_translation_error_detection,97
5319,BBH,salient_translation_error_detection,97
5320,BBH,salient_translation_error_detection,97
5321,BBH,salient_translation_error_detection,97
5322,BBH,salient_translation_error_detection,97
5323,BBH,salient_translation_error_detection,97
5324,BBH,salient_translation_error_detection,97
5325,BBH,salient_translation_error_detection,97
5326,BBH,salient_translation_error_detection,97
5327,BBH,salient_translation_error_detection,97
5328,BBH,salient_translation_error_detection,97
5329,BBH,salient_translation_error_detection,97
5330,BBH,salient_translation_error_detection,97
5331,BBH,salient_translation_error_detection,97
5332,BBH,salient_translation_error_detection,97
5333,BBH,salient_translation_error_detection,97
5334,BBH,salient_translation_error_detection,97
5335,BBH,salient_translation_error_detection,97
5336,BBH,salient_translation_error_detection,30;32;97
5337,BBH,salient_translation_error_detection,97
5338,BBH,salient_translation_error_detection,97
5339,BBH,salient_translation_error_detection,97
5340,BBH,salient_translation_error_detection,97
5341,BBH,salient_translation_error_detection,97
5342,BBH,salient_translation_error_detection,97
5343,BBH,salient_translation_error_detection,97
5344,BBH,salient_translation_error_detection,97
5345,BBH,salient_translation_error_detection,97
5346,BBH,salient_translation_error_detection,97
5347,BBH,salient_translation_error_detection,97
5348,BBH,salient_translation_error_detection,97
5349,BBH,salient_translation_error_detection,97
5350,BBH,salient_translation_error_detection,97
5351,BBH,salient_translation_error_detection,97
5352,BBH,salient_translation_error_detection,97
5353,BBH,salient_translation_error_detection,97
5354,BBH,salient_translation_error_detection,7;97
5355,BBH,salient_translation_error_detection,97
5356,BBH,salient_translation_error_detection,97
5357,BBH,salient_translation_error_detection,97
5358,BBH,salient_translation_error_detection,97
5359,BBH,salient_translation_error_detection,97
5360,BBH,salient_translation_error_detection,7
5361,BBH,snarks,29
5362,BBH,snarks,29;97
5363,BBH,snarks,29;97
5364,BBH,snarks,29;97
5365,BBH,snarks,29;97
5366,BBH,snarks,29;97
5367,BBH,snarks,29;97
5368,BBH,snarks,29;97
5369,BBH,snarks,7;29
5370,BBH,snarks,29;97
5371,BBH,snarks,29;97
5372,BBH,snarks,29;97
5373,BBH,snarks,29;97
5374,BBH,snarks,29;97
5375,BBH,snarks,5;12
5376,BBH,snarks,29;97
5377,BBH,snarks,29;97
5378,BBH,snarks,29;97
5379,BBH,snarks,7;29
5380,BBH,snarks,29;97
5381,BBH,snarks,23;29;97
5382,BBH,snarks,29
5383,BBH,snarks,29;97
5384,BBH,snarks,5;12
5385,BBH,snarks,29;97
5386,BBH,snarks,29;97
5387,BBH,snarks,7;29
5388,BBH,snarks,7;29
5389,BBH,snarks,29;97
5390,BBH,snarks,29;97
5391,BBH,snarks,5
5392,BBH,snarks,29;97
5393,BBH,snarks,29;97
5394,BBH,snarks,29;97
5395,BBH,snarks,29
5396,BBH,snarks,29;97
5397,BBH,snarks,29;97
5398,BBH,snarks,29;97
5399,BBH,snarks,5;12
5400,BBH,snarks,29;97
5401,BBH,snarks,29;97
5402,BBH,snarks,29;97
5403,BBH,snarks,5;12
5404,BBH,snarks,29;97
5405,BBH,snarks,29;97
5406,BBH,snarks,29;97
5407,BBH,snarks,12;29
5408,BBH,snarks,29
5409,BBH,snarks,29;97
5410,BBH,snarks,29;97
5411,BBH,snarks,29;97
5412,BBH,snarks,29;97
5413,BBH,snarks,29;97
5414,BBH,snarks,29;97
5415,BBH,snarks,29;97
5416,BBH,snarks,5;12
5417,BBH,snarks,29;97
5418,BBH,snarks,29;97
5419,BBH,snarks,29;97
5420,BBH,snarks,29;97
5421,BBH,snarks,29;97
5422,BBH,snarks,12;29;97
5423,BBH,snarks,5;12
5424,BBH,snarks,29;97
5425,BBH,snarks,29;97
5426,BBH,snarks,29;97
5427,BBH,snarks,29
5428,BBH,snarks,29;97
5429,BBH,snarks,29;97
5430,BBH,snarks,12;29
5431,BBH,snarks,5;12
5432,BBH,snarks,29;97
5433,BBH,snarks,29;97
5434,BBH,snarks,5;12
5435,BBH,snarks,29;97
5436,BBH,snarks,29;97
5437,BBH,snarks,29;97
5438,BBH,snarks,29;97
5439,BBH,snarks,29;97
5440,BBH,snarks,29;97
5441,BBH,snarks,29;97
5442,BBH,snarks,29;97
5443,BBH,snarks,29;97
5444,BBH,snarks,29;97
5445,BBH,snarks,29;97
5446,BBH,snarks,7;29
5447,BBH,snarks,29;97
5448,BBH,snarks,29;97
5449,BBH,snarks,97
5450,BBH,snarks,29;97
5451,BBH,snarks,29;97
5452,BBH,snarks,29;97
5453,BBH,snarks,29;97
5454,BBH,snarks,29;97
5455,BBH,snarks,29;97
5456,BBH,snarks,7;29
5457,BBH,snarks,29;97
5458,BBH,snarks,29;97
5459,BBH,snarks,29;97
5460,BBH,snarks,29
5461,BBH,snarks,29;97
5462,BBH,snarks,7;8;29
5463,BBH,snarks,29;97
5464,BBH,snarks,29;97
5465,BBH,snarks,29;97
5466,BBH,snarks,29;97
5467,BBH,snarks,29
5468,BBH,snarks,29;97
5469,BBH,snarks,29;97
5470,BBH,snarks,12;29
5471,BBH,snarks,29;97
5472,BBH,snarks,29;97
5473,BBH,snarks,29;97
5474,BBH,snarks,29;97
5475,BBH,snarks,29;97
5476,BBH,snarks,29;97
5477,BBH,snarks,7;29
5478,BBH,snarks,7;29
5479,BBH,snarks,29;97
5480,BBH,snarks,29;97
5481,BBH,snarks,29;97
5482,BBH,snarks,29;97
5483,BBH,snarks,29;97
5484,BBH,snarks,29;97
5485,BBH,snarks,29;97
5486,BBH,snarks,29;97
5487,BBH,snarks,29;97
5488,BBH,snarks,29;97
5489,BBH,snarks,29;97
5490,BBH,snarks,29;97
5491,BBH,snarks,29;97
5492,BBH,snarks,5;12
5493,BBH,snarks,29;97
5494,BBH,snarks,12;29;97
5495,BBH,snarks,8;12;29
5496,BBH,snarks,29;97
5497,BBH,snarks,29;97
5498,BBH,snarks,5;12
5499,BBH,snarks,29;97
5500,BBH,snarks,29;97
5501,BBH,snarks,29;97
5502,BBH,snarks,29;97
5503,BBH,snarks,29;97
5504,BBH,snarks,29;97
5505,BBH,snarks,29;97
5506,BBH,snarks,29;97
5507,BBH,snarks,29;97
5508,BBH,snarks,29;97
5509,BBH,snarks,29;97
5510,BBH,snarks,29;97
5511,BBH,snarks,7;8;29
5512,BBH,snarks,29;97
5513,BBH,snarks,29;97
5514,BBH,snarks,29;97
5515,BBH,snarks,29;97
5516,BBH,snarks,29;97
5517,BBH,snarks,5;12
5518,BBH,snarks,29
5519,BBH,snarks,29;97
5520,BBH,snarks,29;97
5521,BBH,snarks,29;97
5522,BBH,snarks,29;97
5523,BBH,snarks,29;97
5524,BBH,snarks,29;97
5525,BBH,snarks,29;97
5526,BBH,snarks,29;97
5527,BBH,snarks,29;97
5528,BBH,snarks,29;97
5529,BBH,snarks,8;29;97
5530,BBH,snarks,29
5531,BBH,snarks,29;97
5532,BBH,snarks,29;97
5533,BBH,snarks,29;97
5534,BBH,snarks,5
5535,BBH,snarks,29;97
5536,BBH,snarks,29;97
5537,BBH,snarks,5;12
5538,BBH,snarks,29;97
5539,BBH,sports_understanding,5
5540,BBH,sports_understanding,5
5541,BBH,sports_understanding,5
5542,BBH,sports_understanding,5
5543,BBH,sports_understanding,5
5544,BBH,sports_understanding,5
5545,BBH,sports_understanding,5
5546,BBH,sports_understanding,5
5547,BBH,sports_understanding,5
5548,BBH,sports_understanding,5
5549,BBH,sports_understanding,5
5550,BBH,sports_understanding,5
5551,BBH,sports_understanding,5
5552,BBH,sports_understanding,5
5553,BBH,sports_understanding,5
5554,BBH,sports_understanding,5
5555,BBH,sports_understanding,5
5556,BBH,sports_understanding,5
5557,BBH,sports_understanding,5
5558,BBH,sports_understanding,5
5559,BBH,sports_understanding,5
5560,BBH,sports_understanding,5
5561,BBH,sports_understanding,5
5562,BBH,sports_understanding,5
5563,BBH,sports_understanding,5
5564,BBH,sports_understanding,5
5565,BBH,sports_understanding,5
5566,BBH,sports_understanding,5
5567,BBH,sports_understanding,5
5568,BBH,sports_understanding,5
5569,BBH,sports_understanding,5
5570,BBH,sports_understanding,5
5571,BBH,sports_understanding,5
5572,BBH,sports_understanding,5
5573,BBH,sports_understanding,5
5574,BBH,sports_understanding,5
5575,BBH,sports_understanding,5
5576,BBH,sports_understanding,5
5577,BBH,sports_understanding,5
5578,BBH,sports_understanding,5
5579,BBH,sports_understanding,5
5580,BBH,sports_understanding,5
5581,BBH,sports_understanding,5
5582,BBH,sports_understanding,5
5583,BBH,sports_understanding,5
5584,BBH,sports_understanding,5
5585,BBH,sports_understanding,5
5586,BBH,sports_understanding,5
5587,BBH,sports_understanding,5
5588,BBH,sports_understanding,5
5589,BBH,sports_understanding,5
5590,BBH,sports_understanding,5
5591,BBH,sports_understanding,5
5592,BBH,sports_understanding,5
5593,BBH,sports_understanding,5
5594,BBH,sports_understanding,5
5595,BBH,sports_understanding,5
5596,BBH,sports_understanding,5
5597,BBH,sports_understanding,5
5598,BBH,sports_understanding,5
5599,BBH,sports_understanding,5
5600,BBH,sports_understanding,5
5601,BBH,sports_understanding,5
5602,BBH,sports_understanding,5
5603,BBH,sports_understanding,5
5604,BBH,sports_understanding,5
5605,BBH,sports_understanding,5
5606,BBH,sports_understanding,5
5607,BBH,sports_understanding,5
5608,BBH,sports_understanding,5
5609,BBH,sports_understanding,5
5610,BBH,sports_understanding,5
5611,BBH,sports_understanding,5
5612,BBH,sports_understanding,5
5613,BBH,sports_understanding,5
5614,BBH,sports_understanding,5
5615,BBH,sports_understanding,5
5616,BBH,sports_understanding,5
5617,BBH,sports_understanding,5
5618,BBH,sports_understanding,5
5619,BBH,sports_understanding,5
5620,BBH,sports_understanding,5
5621,BBH,sports_understanding,5
5622,BBH,sports_understanding,5
5623,BBH,sports_understanding,5
5624,BBH,sports_understanding,5
5625,BBH,sports_understanding,5
5626,BBH,sports_understanding,5
5627,BBH,sports_understanding,5
5628,BBH,sports_understanding,5
5629,BBH,sports_understanding,5
5630,BBH,sports_understanding,5
5631,BBH,sports_understanding,5
5632,BBH,sports_understanding,5
5633,BBH,sports_understanding,5
5634,BBH,sports_understanding,5;7
5635,BBH,sports_understanding,5
5636,BBH,sports_understanding,5
5637,BBH,sports_understanding,5
5638,BBH,sports_understanding,5
5639,BBH,sports_understanding,5
5640,BBH,sports_understanding,5
5641,BBH,sports_understanding,5
5642,BBH,sports_understanding,5
5643,BBH,sports_understanding,5
5644,BBH,sports_understanding,5
5645,BBH,sports_understanding,5
5646,BBH,sports_understanding,5
5647,BBH,sports_understanding,5
5648,BBH,sports_understanding,5
5649,BBH,sports_understanding,5
5650,BBH,sports_understanding,5
5651,BBH,sports_understanding,5
5652,BBH,sports_understanding,5
5653,BBH,sports_understanding,5
5654,BBH,sports_understanding,5
5655,BBH,sports_understanding,5
5656,BBH,sports_understanding,5
5657,BBH,sports_understanding,5
5658,BBH,sports_understanding,5
5659,BBH,sports_understanding,5
5660,BBH,sports_understanding,5
5661,BBH,sports_understanding,5
5662,BBH,sports_understanding,5
5663,BBH,sports_understanding,5
5664,BBH,sports_understanding,5
5665,BBH,sports_understanding,5
5666,BBH,sports_understanding,5
5667,BBH,sports_understanding,5
5668,BBH,sports_understanding,5
5669,BBH,sports_understanding,5
5670,BBH,sports_understanding,5
5671,BBH,sports_understanding,5
5672,BBH,sports_understanding,5
5673,BBH,sports_understanding,5
5674,BBH,sports_understanding,5
5675,BBH,sports_understanding,5;7
5676,BBH,sports_understanding,5
5677,BBH,sports_understanding,5
5678,BBH,sports_understanding,5
5679,BBH,sports_understanding,5
5680,BBH,sports_understanding,5
5681,BBH,sports_understanding,5
5682,BBH,sports_understanding,5
5683,BBH,sports_understanding,5
5684,BBH,sports_understanding,5
5685,BBH,sports_understanding,5
5686,BBH,sports_understanding,5
5687,BBH,sports_understanding,5
5688,BBH,sports_understanding,5
5689,BBH,sports_understanding,5
5690,BBH,sports_understanding,5
5691,BBH,sports_understanding,5
5692,BBH,sports_understanding,5
5693,BBH,sports_understanding,5
5694,BBH,sports_understanding,5
5695,BBH,sports_understanding,5
5696,BBH,sports_understanding,5
5697,BBH,sports_understanding,5
5698,BBH,sports_understanding,5
5699,BBH,sports_understanding,5
5700,BBH,sports_understanding,5
5701,BBH,sports_understanding,5
5702,BBH,sports_understanding,5
5703,BBH,sports_understanding,5
5704,BBH,sports_understanding,5
5705,BBH,sports_understanding,5
5706,BBH,sports_understanding,5
5707,BBH,sports_understanding,5
5708,BBH,sports_understanding,5
5709,BBH,sports_understanding,5
5710,BBH,sports_understanding,5
5711,BBH,sports_understanding,5
5712,BBH,sports_understanding,5
5713,BBH,sports_understanding,5
5714,BBH,sports_understanding,5
5715,BBH,sports_understanding,5
5716,BBH,sports_understanding,5
5717,BBH,sports_understanding,5
5718,BBH,sports_understanding,5
5719,BBH,sports_understanding,5
5720,BBH,sports_understanding,5
5721,BBH,sports_understanding,5
5722,BBH,sports_understanding,5
5723,BBH,sports_understanding,5
5724,BBH,sports_understanding,5
5725,BBH,sports_understanding,5
5726,BBH,sports_understanding,5
5727,BBH,sports_understanding,5
5728,BBH,sports_understanding,5
5729,BBH,sports_understanding,5
5730,BBH,sports_understanding,5
5731,BBH,sports_understanding,5
5732,BBH,sports_understanding,5
5733,BBH,sports_understanding,5
5734,BBH,sports_understanding,5
5735,BBH,sports_understanding,5
5736,BBH,sports_understanding,5
5737,BBH,sports_understanding,5
5738,BBH,sports_understanding,5
5739,BBH,sports_understanding,5
5740,BBH,sports_understanding,5
5741,BBH,sports_understanding,5
5742,BBH,sports_understanding,5
5743,BBH,sports_understanding,5
5744,BBH,sports_understanding,5
5745,BBH,sports_understanding,5
5746,BBH,sports_understanding,5
5747,BBH,sports_understanding,5
5748,BBH,sports_understanding,5
5749,BBH,sports_understanding,5
5750,BBH,sports_understanding,5
5751,BBH,sports_understanding,5
5752,BBH,sports_understanding,5
5753,BBH,sports_understanding,5
5754,BBH,sports_understanding,5
5755,BBH,sports_understanding,5
5756,BBH,sports_understanding,5
5757,BBH,sports_understanding,5
5758,BBH,sports_understanding,5
5759,BBH,sports_understanding,5
5760,BBH,sports_understanding,5
5761,BBH,sports_understanding,5
5762,BBH,sports_understanding,5
5763,BBH,sports_understanding,5
5764,BBH,sports_understanding,5
5765,BBH,sports_understanding,5
5766,BBH,sports_understanding,5
5767,BBH,sports_understanding,5
5768,BBH,sports_understanding,5
5769,BBH,sports_understanding,5
5770,BBH,sports_understanding,5
5771,BBH,sports_understanding,5
5772,BBH,sports_understanding,5
5773,BBH,sports_understanding,5
5774,BBH,sports_understanding,5
5775,BBH,sports_understanding,5
5776,BBH,sports_understanding,5
5777,BBH,sports_understanding,5
5778,BBH,sports_understanding,5
5779,BBH,sports_understanding,5
5780,BBH,sports_understanding,5
5781,BBH,sports_understanding,5
5782,BBH,sports_understanding,5
5783,BBH,sports_understanding,5
5784,BBH,sports_understanding,5
5785,BBH,sports_understanding,5
5786,BBH,sports_understanding,5
5787,BBH,sports_understanding,5
5788,BBH,sports_understanding,5
5789,BBH,temporal_sequences,0
5790,BBH,temporal_sequences,0;7
5791,BBH,temporal_sequences,0
5792,BBH,temporal_sequences,0;7
5793,BBH,temporal_sequences,0;7
5794,BBH,temporal_sequences,0;7
5795,BBH,temporal_sequences,0;97
5796,BBH,temporal_sequences,0;7
5797,BBH,temporal_sequences,0;7
5798,BBH,temporal_sequences,0;7
5799,BBH,temporal_sequences,0;7
5800,BBH,temporal_sequences,0;7
5801,BBH,temporal_sequences,0;7
5802,BBH,temporal_sequences,0;7
5803,BBH,temporal_sequences,0;7
5804,BBH,temporal_sequences,0;7
5805,BBH,temporal_sequences,0;7
5806,BBH,temporal_sequences,0;7
5807,BBH,temporal_sequences,0;7
5808,BBH,temporal_sequences,0
5809,BBH,temporal_sequences,0
5810,BBH,temporal_sequences,0;7
5811,BBH,temporal_sequences,0;7
5812,BBH,temporal_sequences,0
5813,BBH,temporal_sequences,0;7
5814,BBH,temporal_sequences,0;7
5815,BBH,temporal_sequences,0;7
5816,BBH,temporal_sequences,0;7
5817,BBH,temporal_sequences,0;7
5818,BBH,temporal_sequences,0;7
5819,BBH,temporal_sequences,0;7
5820,BBH,temporal_sequences,0;7
5821,BBH,temporal_sequences,0;7
5822,BBH,temporal_sequences,0
5823,BBH,temporal_sequences,0;7
5824,BBH,temporal_sequences,0;7
5825,BBH,temporal_sequences,0;7
5826,BBH,temporal_sequences,0;7
5827,BBH,temporal_sequences,0;7
5828,BBH,temporal_sequences,0;7
5829,BBH,temporal_sequences,0;7
5830,BBH,temporal_sequences,0;7
5831,BBH,temporal_sequences,0
5832,BBH,temporal_sequences,0;7
5833,BBH,temporal_sequences,0;7
5834,BBH,temporal_sequences,0;7
5835,BBH,temporal_sequences,0;7
5836,BBH,temporal_sequences,0
5837,BBH,temporal_sequences,0;5
5838,BBH,temporal_sequences,0;7
5839,BBH,temporal_sequences,0
5840,BBH,temporal_sequences,0
5841,BBH,temporal_sequences,0;5
5842,BBH,temporal_sequences,0
5843,BBH,temporal_sequences,0;7
5844,BBH,temporal_sequences,0
5845,BBH,temporal_sequences,0;7
5846,BBH,temporal_sequences,0
5847,BBH,temporal_sequences,0;7
5848,BBH,temporal_sequences,0;7
5849,BBH,temporal_sequences,0;7
5850,BBH,temporal_sequences,0;7
5851,BBH,temporal_sequences,0;7
5852,BBH,temporal_sequences,0;7
5853,BBH,temporal_sequences,0;7
5854,BBH,temporal_sequences,0
5855,BBH,temporal_sequences,0;7
5856,BBH,temporal_sequences,0;7
5857,BBH,temporal_sequences,0;7
5858,BBH,temporal_sequences,0;7
5859,BBH,temporal_sequences,0;7
5860,BBH,temporal_sequences,0;7
5861,BBH,temporal_sequences,0;7;97
5862,BBH,temporal_sequences,0;5
5863,BBH,temporal_sequences,0;7
5864,BBH,temporal_sequences,0;7
5865,BBH,temporal_sequences,0;7
5866,BBH,temporal_sequences,0;7
5867,BBH,temporal_sequences,0;7
5868,BBH,temporal_sequences,0;7
5869,BBH,temporal_sequences,0;7
5870,BBH,temporal_sequences,0;7
5871,BBH,temporal_sequences,0;7
5872,BBH,temporal_sequences,0;7
5873,BBH,temporal_sequences,0
5874,BBH,temporal_sequences,0
5875,BBH,temporal_sequences,0;7
5876,BBH,temporal_sequences,0;7
5877,BBH,temporal_sequences,0;7
5878,BBH,temporal_sequences,0;7
5879,BBH,temporal_sequences,0;7
5880,BBH,temporal_sequences,0
5881,BBH,temporal_sequences,0
5882,BBH,temporal_sequences,0;7
5883,BBH,temporal_sequences,0;7
5884,BBH,temporal_sequences,0;7
5885,BBH,temporal_sequences,0;7
5886,BBH,temporal_sequences,0;7
5887,BBH,temporal_sequences,0;7
5888,BBH,temporal_sequences,0;7
5889,BBH,temporal_sequences,0
5890,BBH,temporal_sequences,0
5891,BBH,temporal_sequences,0
5892,BBH,temporal_sequences,0;7
5893,BBH,temporal_sequences,0;7
5894,BBH,temporal_sequences,0;7
5895,BBH,temporal_sequences,0;7
5896,BBH,temporal_sequences,0;5;7
5897,BBH,temporal_sequences,0
5898,BBH,temporal_sequences,0;7
5899,BBH,temporal_sequences,0;7
5900,BBH,temporal_sequences,0
5901,BBH,temporal_sequences,0;7
5902,BBH,temporal_sequences,0
5903,BBH,temporal_sequences,0;7
5904,BBH,temporal_sequences,0
5905,BBH,temporal_sequences,0;7
5906,BBH,temporal_sequences,0;7
5907,BBH,temporal_sequences,0;5;7
5908,BBH,temporal_sequences,0
5909,BBH,temporal_sequences,0;7
5910,BBH,temporal_sequences,0
5911,BBH,temporal_sequences,0;7;20
5912,BBH,temporal_sequences,0;5
5913,BBH,temporal_sequences,0
5914,BBH,temporal_sequences,0
5915,BBH,temporal_sequences,0
5916,BBH,temporal_sequences,0;7
5917,BBH,temporal_sequences,0;7
5918,BBH,temporal_sequences,0;7
5919,BBH,temporal_sequences,0
5920,BBH,temporal_sequences,0
5921,BBH,temporal_sequences,0;7
5922,BBH,temporal_sequences,0;7
5923,BBH,temporal_sequences,0;7
5924,BBH,temporal_sequences,0;7
5925,BBH,temporal_sequences,0;7
5926,BBH,temporal_sequences,0;7
5927,BBH,temporal_sequences,0;5
5928,BBH,temporal_sequences,0
5929,BBH,temporal_sequences,0;7
5930,BBH,temporal_sequences,0;7
5931,BBH,temporal_sequences,0
5932,BBH,temporal_sequences,0
5933,BBH,temporal_sequences,0
5934,BBH,temporal_sequences,0;7
5935,BBH,temporal_sequences,0;7
5936,BBH,temporal_sequences,0;7
5937,BBH,temporal_sequences,0;7
5938,BBH,temporal_sequences,0;7
5939,BBH,temporal_sequences,0;7
5940,BBH,temporal_sequences,0;7
5941,BBH,temporal_sequences,0;7
5942,BBH,temporal_sequences,0
5943,BBH,temporal_sequences,0
5944,BBH,temporal_sequences,0;7
5945,BBH,temporal_sequences,0;7
5946,BBH,temporal_sequences,0;7
5947,BBH,temporal_sequences,0;7
5948,BBH,temporal_sequences,0
5949,BBH,temporal_sequences,0;7
5950,BBH,temporal_sequences,0;7
5951,BBH,temporal_sequences,0;7
5952,BBH,temporal_sequences,0;20
5953,BBH,temporal_sequences,0;7
5954,BBH,temporal_sequences,0
5955,BBH,temporal_sequences,0;7
5956,BBH,temporal_sequences,0
5957,BBH,temporal_sequences,0
5958,BBH,temporal_sequences,0;7
5959,BBH,temporal_sequences,0
5960,BBH,temporal_sequences,0
5961,BBH,temporal_sequences,0;5
5962,BBH,temporal_sequences,0;5
5963,BBH,temporal_sequences,0
5964,BBH,temporal_sequences,0
5965,BBH,temporal_sequences,0;7
5966,BBH,temporal_sequences,0;7
5967,BBH,temporal_sequences,0;7
5968,BBH,temporal_sequences,0;7
5969,BBH,temporal_sequences,0;7
5970,BBH,temporal_sequences,0;7
5971,BBH,temporal_sequences,0;7
5972,BBH,temporal_sequences,0;7
5973,BBH,temporal_sequences,0;7
5974,BBH,temporal_sequences,0
5975,BBH,temporal_sequences,0
5976,BBH,temporal_sequences,0;7
5977,BBH,temporal_sequences,0;7
5978,BBH,temporal_sequences,0;7
5979,BBH,temporal_sequences,0
5980,BBH,temporal_sequences,0
5981,BBH,temporal_sequences,0;7
5982,BBH,temporal_sequences,0;7
5983,BBH,temporal_sequences,0;7
5984,BBH,temporal_sequences,0;7
5985,BBH,temporal_sequences,0
5986,BBH,temporal_sequences,0
5987,BBH,temporal_sequences,0;7
5988,BBH,temporal_sequences,0;7
5989,BBH,temporal_sequences,0;7
5990,BBH,temporal_sequences,0;7
5991,BBH,temporal_sequences,0;7
5992,BBH,temporal_sequences,0;7
5993,BBH,temporal_sequences,0;7
5994,BBH,temporal_sequences,0;7
5995,BBH,temporal_sequences,0
5996,BBH,temporal_sequences,0
5997,BBH,temporal_sequences,0;7
5998,BBH,temporal_sequences,0;7
5999,BBH,temporal_sequences,0;7
6000,BBH,temporal_sequences,0
6001,BBH,temporal_sequences,0
6002,BBH,temporal_sequences,0
6003,BBH,temporal_sequences,0;7
6004,BBH,temporal_sequences,0;5
6005,BBH,temporal_sequences,0;7
6006,BBH,temporal_sequences,0;7
6007,BBH,temporal_sequences,0;7
6008,BBH,temporal_sequences,0;7
6009,BBH,temporal_sequences,0;7
6010,BBH,temporal_sequences,0;7
6011,BBH,temporal_sequences,0
6012,BBH,temporal_sequences,0;7
6013,BBH,temporal_sequences,0;7
6014,BBH,temporal_sequences,0;7
6015,BBH,temporal_sequences,0
6016,BBH,temporal_sequences,0;7
6017,BBH,temporal_sequences,0;7
6018,BBH,temporal_sequences,0
6019,BBH,temporal_sequences,0
6020,BBH,temporal_sequences,0;5
6021,BBH,temporal_sequences,0
6022,BBH,temporal_sequences,0
6023,BBH,temporal_sequences,0;97
6024,BBH,temporal_sequences,0;7
6025,BBH,temporal_sequences,0;7
6026,BBH,temporal_sequences,0;7
6027,BBH,temporal_sequences,0
6028,BBH,temporal_sequences,0;7
6029,BBH,temporal_sequences,0;7
6030,BBH,temporal_sequences,0
6031,BBH,temporal_sequences,0
6032,BBH,temporal_sequences,0;7
6033,BBH,temporal_sequences,0;7
6034,BBH,temporal_sequences,0;7
6035,BBH,temporal_sequences,0;7
6036,BBH,temporal_sequences,0;7
6037,BBH,temporal_sequences,0;7
6038,BBH,temporal_sequences,0
6039,BBH,tracking_shuffled_objects_five_objects,0
6040,BBH,tracking_shuffled_objects_five_objects,0
6041,BBH,tracking_shuffled_objects_five_objects,0
6042,BBH,tracking_shuffled_objects_five_objects,0;20;47
6043,BBH,tracking_shuffled_objects_five_objects,47
6044,BBH,tracking_shuffled_objects_five_objects,0;5
6045,BBH,tracking_shuffled_objects_five_objects,0
6046,BBH,tracking_shuffled_objects_five_objects,0;20
6047,BBH,tracking_shuffled_objects_five_objects,47
6048,BBH,tracking_shuffled_objects_five_objects,0;5
6049,BBH,tracking_shuffled_objects_five_objects,0;5;20
6050,BBH,tracking_shuffled_objects_five_objects,0;20
6051,BBH,tracking_shuffled_objects_five_objects,0
6052,BBH,tracking_shuffled_objects_five_objects,0;5
6053,BBH,tracking_shuffled_objects_five_objects,0
6054,BBH,tracking_shuffled_objects_five_objects,0;5;20
6055,BBH,tracking_shuffled_objects_five_objects,0;5
6056,BBH,tracking_shuffled_objects_five_objects,47
6057,BBH,tracking_shuffled_objects_five_objects,0;5
6058,BBH,tracking_shuffled_objects_five_objects,0;20
6059,BBH,tracking_shuffled_objects_five_objects,47
6060,BBH,tracking_shuffled_objects_five_objects,47
6061,BBH,tracking_shuffled_objects_five_objects,47
6062,BBH,tracking_shuffled_objects_five_objects,5;20;47
6063,BBH,tracking_shuffled_objects_five_objects,0
6064,BBH,tracking_shuffled_objects_five_objects,0;5
6065,BBH,tracking_shuffled_objects_five_objects,0;20
6066,BBH,tracking_shuffled_objects_five_objects,0;5
6067,BBH,tracking_shuffled_objects_five_objects,5;20
6068,BBH,tracking_shuffled_objects_five_objects,0;5
6069,BBH,tracking_shuffled_objects_five_objects,0
6070,BBH,tracking_shuffled_objects_five_objects,47
6071,BBH,tracking_shuffled_objects_five_objects,0;20
6072,BBH,tracking_shuffled_objects_five_objects,0
6073,BBH,tracking_shuffled_objects_five_objects,0;20
6074,BBH,tracking_shuffled_objects_five_objects,47
6075,BBH,tracking_shuffled_objects_five_objects,0;20
6076,BBH,tracking_shuffled_objects_five_objects,47
6077,BBH,tracking_shuffled_objects_five_objects,0
6078,BBH,tracking_shuffled_objects_five_objects,47
6079,BBH,tracking_shuffled_objects_five_objects,0;20
6080,BBH,tracking_shuffled_objects_five_objects,47
6081,BBH,tracking_shuffled_objects_five_objects,0;5
6082,BBH,tracking_shuffled_objects_five_objects,47
6083,BBH,tracking_shuffled_objects_five_objects,0
6084,BBH,tracking_shuffled_objects_five_objects,5;20
6085,BBH,tracking_shuffled_objects_five_objects,0
6086,BBH,tracking_shuffled_objects_five_objects,0;20
6087,BBH,tracking_shuffled_objects_five_objects,0
6088,BBH,tracking_shuffled_objects_five_objects,0;20
6089,BBH,tracking_shuffled_objects_five_objects,47
6090,BBH,tracking_shuffled_objects_five_objects,0;5
6091,BBH,tracking_shuffled_objects_five_objects,0;5
6092,BBH,tracking_shuffled_objects_five_objects,0;5
6093,BBH,tracking_shuffled_objects_five_objects,0;20
6094,BBH,tracking_shuffled_objects_five_objects,0;5
6095,BBH,tracking_shuffled_objects_five_objects,0;5
6096,BBH,tracking_shuffled_objects_five_objects,0;20
6097,BBH,tracking_shuffled_objects_five_objects,0
6098,BBH,tracking_shuffled_objects_five_objects,0;20
6099,BBH,tracking_shuffled_objects_five_objects,0
6100,BBH,tracking_shuffled_objects_five_objects,0
6101,BBH,tracking_shuffled_objects_five_objects,0;20;47
6102,BBH,tracking_shuffled_objects_five_objects,0
6103,BBH,tracking_shuffled_objects_five_objects,0
6104,BBH,tracking_shuffled_objects_five_objects,47
6105,BBH,tracking_shuffled_objects_five_objects,0;5
6106,BBH,tracking_shuffled_objects_five_objects,0
6107,BBH,tracking_shuffled_objects_five_objects,0;5;20
6108,BBH,tracking_shuffled_objects_five_objects,0
6109,BBH,tracking_shuffled_objects_five_objects,0;5
6110,BBH,tracking_shuffled_objects_five_objects,0;5
6111,BBH,tracking_shuffled_objects_five_objects,5;20
6112,BBH,tracking_shuffled_objects_five_objects,0;5
6113,BBH,tracking_shuffled_objects_five_objects,0
6114,BBH,tracking_shuffled_objects_five_objects,0;5
6115,BBH,tracking_shuffled_objects_five_objects,0;5;20
6116,BBH,tracking_shuffled_objects_five_objects,0;5;20
6117,BBH,tracking_shuffled_objects_five_objects,0
6118,BBH,tracking_shuffled_objects_five_objects,47
6119,BBH,tracking_shuffled_objects_five_objects,0;5
6120,BBH,tracking_shuffled_objects_five_objects,47
6121,BBH,tracking_shuffled_objects_five_objects,0
6122,BBH,tracking_shuffled_objects_five_objects,0
6123,BBH,tracking_shuffled_objects_five_objects,47
6124,BBH,tracking_shuffled_objects_five_objects,0;5
6125,BBH,tracking_shuffled_objects_five_objects,0;20;47
6126,BBH,tracking_shuffled_objects_five_objects,0;20
6127,BBH,tracking_shuffled_objects_five_objects,0
6128,BBH,tracking_shuffled_objects_five_objects,0;5
6129,BBH,tracking_shuffled_objects_five_objects,0
6130,BBH,tracking_shuffled_objects_five_objects,0;20
6131,BBH,tracking_shuffled_objects_five_objects,0;20
6132,BBH,tracking_shuffled_objects_five_objects,0
6133,BBH,tracking_shuffled_objects_five_objects,0
6134,BBH,tracking_shuffled_objects_five_objects,0;20
6135,BBH,tracking_shuffled_objects_five_objects,0;20;47
6136,BBH,tracking_shuffled_objects_five_objects,47
6137,BBH,tracking_shuffled_objects_five_objects,47
6138,BBH,tracking_shuffled_objects_five_objects,0;20
6139,BBH,tracking_shuffled_objects_five_objects,0;5
6140,BBH,tracking_shuffled_objects_five_objects,0
6141,BBH,tracking_shuffled_objects_five_objects,0;5
6142,BBH,tracking_shuffled_objects_five_objects,0;20
6143,BBH,tracking_shuffled_objects_five_objects,0;5;20
6144,BBH,tracking_shuffled_objects_five_objects,5;20
6145,BBH,tracking_shuffled_objects_five_objects,0;5
6146,BBH,tracking_shuffled_objects_five_objects,0;5
6147,BBH,tracking_shuffled_objects_five_objects,0;5;20
6148,BBH,tracking_shuffled_objects_five_objects,0;5
6149,BBH,tracking_shuffled_objects_five_objects,0;5;20
6150,BBH,tracking_shuffled_objects_five_objects,0;20
6151,BBH,tracking_shuffled_objects_five_objects,0
6152,BBH,tracking_shuffled_objects_five_objects,0
6153,BBH,tracking_shuffled_objects_five_objects,47
6154,BBH,tracking_shuffled_objects_five_objects,47
6155,BBH,tracking_shuffled_objects_five_objects,47
6156,BBH,tracking_shuffled_objects_five_objects,47
6157,BBH,tracking_shuffled_objects_five_objects,0
6158,BBH,tracking_shuffled_objects_five_objects,0;20;47
6159,BBH,tracking_shuffled_objects_five_objects,0;5
6160,BBH,tracking_shuffled_objects_five_objects,0
6161,BBH,tracking_shuffled_objects_five_objects,0;5
6162,BBH,tracking_shuffled_objects_five_objects,0;5
6163,BBH,tracking_shuffled_objects_five_objects,0;20
6164,BBH,tracking_shuffled_objects_five_objects,0
6165,BBH,tracking_shuffled_objects_five_objects,47
6166,BBH,tracking_shuffled_objects_five_objects,0
6167,BBH,tracking_shuffled_objects_five_objects,0;20
6168,BBH,tracking_shuffled_objects_five_objects,0;5;20
6169,BBH,tracking_shuffled_objects_five_objects,0;20
6170,BBH,tracking_shuffled_objects_five_objects,0;5;20
6171,BBH,tracking_shuffled_objects_five_objects,0;5;20
6172,BBH,tracking_shuffled_objects_five_objects,47
6173,BBH,tracking_shuffled_objects_five_objects,5;20
6174,BBH,tracking_shuffled_objects_five_objects,47
6175,BBH,tracking_shuffled_objects_five_objects,47
6176,BBH,tracking_shuffled_objects_five_objects,0
6177,BBH,tracking_shuffled_objects_five_objects,0;5
6178,BBH,tracking_shuffled_objects_five_objects,0
6179,BBH,tracking_shuffled_objects_five_objects,0
6180,BBH,tracking_shuffled_objects_five_objects,0;20
6181,BBH,tracking_shuffled_objects_five_objects,5;20
6182,BBH,tracking_shuffled_objects_five_objects,0;5
6183,BBH,tracking_shuffled_objects_five_objects,0
6184,BBH,tracking_shuffled_objects_five_objects,0;5
6185,BBH,tracking_shuffled_objects_five_objects,47
6186,BBH,tracking_shuffled_objects_five_objects,0
6187,BBH,tracking_shuffled_objects_five_objects,0;20
6188,BBH,tracking_shuffled_objects_five_objects,0;5;20
6189,BBH,tracking_shuffled_objects_five_objects,0;20
6190,BBH,tracking_shuffled_objects_five_objects,47
6191,BBH,tracking_shuffled_objects_five_objects,0;20
6192,BBH,tracking_shuffled_objects_five_objects,0;5
6193,BBH,tracking_shuffled_objects_five_objects,0;5
6194,BBH,tracking_shuffled_objects_five_objects,0
6195,BBH,tracking_shuffled_objects_five_objects,0;5;20
6196,BBH,tracking_shuffled_objects_five_objects,0
6197,BBH,tracking_shuffled_objects_five_objects,0;5
6198,BBH,tracking_shuffled_objects_five_objects,5;20
6199,BBH,tracking_shuffled_objects_five_objects,0;5;20
6200,BBH,tracking_shuffled_objects_five_objects,0
6201,BBH,tracking_shuffled_objects_five_objects,0;5;20
6202,BBH,tracking_shuffled_objects_five_objects,5;20
6203,BBH,tracking_shuffled_objects_five_objects,0;5
6204,BBH,tracking_shuffled_objects_five_objects,0
6205,BBH,tracking_shuffled_objects_five_objects,47
6206,BBH,tracking_shuffled_objects_five_objects,0
6207,BBH,tracking_shuffled_objects_five_objects,47
6208,BBH,tracking_shuffled_objects_five_objects,0;5
6209,BBH,tracking_shuffled_objects_five_objects,47
6210,BBH,tracking_shuffled_objects_five_objects,47
6211,BBH,tracking_shuffled_objects_five_objects,0
6212,BBH,tracking_shuffled_objects_five_objects,0;5
6213,BBH,tracking_shuffled_objects_five_objects,0;5
6214,BBH,tracking_shuffled_objects_five_objects,0;20;83
6215,BBH,tracking_shuffled_objects_five_objects,47
6216,BBH,tracking_shuffled_objects_five_objects,0;20
6217,BBH,tracking_shuffled_objects_five_objects,0
6218,BBH,tracking_shuffled_objects_five_objects,47
6219,BBH,tracking_shuffled_objects_five_objects,0;20
6220,BBH,tracking_shuffled_objects_five_objects,0;5;20
6221,BBH,tracking_shuffled_objects_five_objects,0;5
6222,BBH,tracking_shuffled_objects_five_objects,0
6223,BBH,tracking_shuffled_objects_five_objects,0;5
6224,BBH,tracking_shuffled_objects_five_objects,7;47
6225,BBH,tracking_shuffled_objects_five_objects,0
6226,BBH,tracking_shuffled_objects_five_objects,0;5
6227,BBH,tracking_shuffled_objects_five_objects,47
6228,BBH,tracking_shuffled_objects_five_objects,0;20
6229,BBH,tracking_shuffled_objects_five_objects,0;5
6230,BBH,tracking_shuffled_objects_five_objects,0;20
6231,BBH,tracking_shuffled_objects_five_objects,0;20
6232,BBH,tracking_shuffled_objects_five_objects,0;20
6233,BBH,tracking_shuffled_objects_five_objects,0
6234,BBH,tracking_shuffled_objects_five_objects,0;20
6235,BBH,tracking_shuffled_objects_five_objects,0;5
6236,BBH,tracking_shuffled_objects_five_objects,0;5;20
6237,BBH,tracking_shuffled_objects_five_objects,0;5
6238,BBH,tracking_shuffled_objects_five_objects,0
6239,BBH,tracking_shuffled_objects_five_objects,5;20
6240,BBH,tracking_shuffled_objects_five_objects,0;5;20
6241,BBH,tracking_shuffled_objects_five_objects,0
6242,BBH,tracking_shuffled_objects_five_objects,47
6243,BBH,tracking_shuffled_objects_five_objects,0
6244,BBH,tracking_shuffled_objects_five_objects,0;20
6245,BBH,tracking_shuffled_objects_five_objects,0;20
6246,BBH,tracking_shuffled_objects_five_objects,0
6247,BBH,tracking_shuffled_objects_five_objects,0
6248,BBH,tracking_shuffled_objects_five_objects,47
6249,BBH,tracking_shuffled_objects_five_objects,0;20
6250,BBH,tracking_shuffled_objects_five_objects,0
6251,BBH,tracking_shuffled_objects_five_objects,5;20
6252,BBH,tracking_shuffled_objects_five_objects,0;5
6253,BBH,tracking_shuffled_objects_five_objects,47
6254,BBH,tracking_shuffled_objects_five_objects,0;20
6255,BBH,tracking_shuffled_objects_five_objects,0
6256,BBH,tracking_shuffled_objects_five_objects,0
6257,BBH,tracking_shuffled_objects_five_objects,0;5
6258,BBH,tracking_shuffled_objects_five_objects,0;5
6259,BBH,tracking_shuffled_objects_five_objects,0
6260,BBH,tracking_shuffled_objects_five_objects,0
6261,BBH,tracking_shuffled_objects_five_objects,0;20
6262,BBH,tracking_shuffled_objects_five_objects,47
6263,BBH,tracking_shuffled_objects_five_objects,0;5
6264,BBH,tracking_shuffled_objects_five_objects,0
6265,BBH,tracking_shuffled_objects_five_objects,47
6266,BBH,tracking_shuffled_objects_five_objects,0;5
6267,BBH,tracking_shuffled_objects_five_objects,0;5;20
6268,BBH,tracking_shuffled_objects_five_objects,0;5
6269,BBH,tracking_shuffled_objects_five_objects,47
6270,BBH,tracking_shuffled_objects_five_objects,0
6271,BBH,tracking_shuffled_objects_five_objects,0;5
6272,BBH,tracking_shuffled_objects_five_objects,0;20
6273,BBH,tracking_shuffled_objects_five_objects,47
6274,BBH,tracking_shuffled_objects_five_objects,0
6275,BBH,tracking_shuffled_objects_five_objects,0;5;20
6276,BBH,tracking_shuffled_objects_five_objects,0;5;20
6277,BBH,tracking_shuffled_objects_five_objects,0;5;20
6278,BBH,tracking_shuffled_objects_five_objects,0;47
6279,BBH,tracking_shuffled_objects_five_objects,0
6280,BBH,tracking_shuffled_objects_five_objects,47
6281,BBH,tracking_shuffled_objects_five_objects,0
6282,BBH,tracking_shuffled_objects_five_objects,0
6283,BBH,tracking_shuffled_objects_five_objects,47
6284,BBH,tracking_shuffled_objects_five_objects,0;20
6285,BBH,tracking_shuffled_objects_five_objects,47
6286,BBH,tracking_shuffled_objects_five_objects,0
6287,BBH,tracking_shuffled_objects_five_objects,0
6288,BBH,tracking_shuffled_objects_five_objects,0
6289,BBH,tracking_shuffled_objects_seven_objects,0
6290,BBH,tracking_shuffled_objects_seven_objects,0;5
6291,BBH,tracking_shuffled_objects_seven_objects,0
6292,BBH,tracking_shuffled_objects_seven_objects,0
6293,BBH,tracking_shuffled_objects_seven_objects,0;47
6294,BBH,tracking_shuffled_objects_seven_objects,0
6295,BBH,tracking_shuffled_objects_seven_objects,0
6296,BBH,tracking_shuffled_objects_seven_objects,0;5
6297,BBH,tracking_shuffled_objects_seven_objects,0
6298,BBH,tracking_shuffled_objects_seven_objects,0
6299,BBH,tracking_shuffled_objects_seven_objects,0;42;47
6300,BBH,tracking_shuffled_objects_seven_objects,0
6301,BBH,tracking_shuffled_objects_seven_objects,0;42
6302,BBH,tracking_shuffled_objects_seven_objects,0
6303,BBH,tracking_shuffled_objects_seven_objects,0;47
6304,BBH,tracking_shuffled_objects_seven_objects,0;5
6305,BBH,tracking_shuffled_objects_seven_objects,0;5
6306,BBH,tracking_shuffled_objects_seven_objects,0
6307,BBH,tracking_shuffled_objects_seven_objects,0;5
6308,BBH,tracking_shuffled_objects_seven_objects,0
6309,BBH,tracking_shuffled_objects_seven_objects,0
6310,BBH,tracking_shuffled_objects_seven_objects,0
6311,BBH,tracking_shuffled_objects_seven_objects,0
6312,BBH,tracking_shuffled_objects_seven_objects,5;20
6313,BBH,tracking_shuffled_objects_seven_objects,0
6314,BBH,tracking_shuffled_objects_seven_objects,0
6315,BBH,tracking_shuffled_objects_seven_objects,0;47
6316,BBH,tracking_shuffled_objects_seven_objects,0
6317,BBH,tracking_shuffled_objects_seven_objects,0
6318,BBH,tracking_shuffled_objects_seven_objects,0
6319,BBH,tracking_shuffled_objects_seven_objects,0;47
6320,BBH,tracking_shuffled_objects_seven_objects,0
6321,BBH,tracking_shuffled_objects_seven_objects,0
6322,BBH,tracking_shuffled_objects_seven_objects,5
6323,BBH,tracking_shuffled_objects_seven_objects,0;42
6324,BBH,tracking_shuffled_objects_seven_objects,0
6325,BBH,tracking_shuffled_objects_seven_objects,0
6326,BBH,tracking_shuffled_objects_seven_objects,0;5;20
6327,BBH,tracking_shuffled_objects_seven_objects,0
6328,BBH,tracking_shuffled_objects_seven_objects,0
6329,BBH,tracking_shuffled_objects_seven_objects,0
6330,BBH,tracking_shuffled_objects_seven_objects,0
6331,BBH,tracking_shuffled_objects_seven_objects,0
6332,BBH,tracking_shuffled_objects_seven_objects,0;5;20
6333,BBH,tracking_shuffled_objects_seven_objects,0;5;20
6334,BBH,tracking_shuffled_objects_seven_objects,0
6335,BBH,tracking_shuffled_objects_seven_objects,0;5
6336,BBH,tracking_shuffled_objects_seven_objects,0;47
6337,BBH,tracking_shuffled_objects_seven_objects,0
6338,BBH,tracking_shuffled_objects_seven_objects,0
6339,BBH,tracking_shuffled_objects_seven_objects,0
6340,BBH,tracking_shuffled_objects_seven_objects,0
6341,BBH,tracking_shuffled_objects_seven_objects,0
6342,BBH,tracking_shuffled_objects_seven_objects,0;5;20
6343,BBH,tracking_shuffled_objects_seven_objects,0;47
6344,BBH,tracking_shuffled_objects_seven_objects,0
6345,BBH,tracking_shuffled_objects_seven_objects,0
6346,BBH,tracking_shuffled_objects_seven_objects,0
6347,BBH,tracking_shuffled_objects_seven_objects,0
6348,BBH,tracking_shuffled_objects_seven_objects,0;47
6349,BBH,tracking_shuffled_objects_seven_objects,0
6350,BBH,tracking_shuffled_objects_seven_objects,0
6351,BBH,tracking_shuffled_objects_seven_objects,0
6352,BBH,tracking_shuffled_objects_seven_objects,0;5
6353,BBH,tracking_shuffled_objects_seven_objects,0;5
6354,BBH,tracking_shuffled_objects_seven_objects,0;5;20
6355,BBH,tracking_shuffled_objects_seven_objects,0
6356,BBH,tracking_shuffled_objects_seven_objects,0;20
6357,BBH,tracking_shuffled_objects_seven_objects,0
6358,BBH,tracking_shuffled_objects_seven_objects,0
6359,BBH,tracking_shuffled_objects_seven_objects,0
6360,BBH,tracking_shuffled_objects_seven_objects,0
6361,BBH,tracking_shuffled_objects_seven_objects,0
6362,BBH,tracking_shuffled_objects_seven_objects,0;47
6363,BBH,tracking_shuffled_objects_seven_objects,0
6364,BBH,tracking_shuffled_objects_seven_objects,5;20
6365,BBH,tracking_shuffled_objects_seven_objects,0
6366,BBH,tracking_shuffled_objects_seven_objects,0
6367,BBH,tracking_shuffled_objects_seven_objects,0
6368,BBH,tracking_shuffled_objects_seven_objects,5
6369,BBH,tracking_shuffled_objects_seven_objects,0;5
6370,BBH,tracking_shuffled_objects_seven_objects,0
6371,BBH,tracking_shuffled_objects_seven_objects,0;42;47
6372,BBH,tracking_shuffled_objects_seven_objects,0
6373,BBH,tracking_shuffled_objects_seven_objects,0
6374,BBH,tracking_shuffled_objects_seven_objects,0;5;20
6375,BBH,tracking_shuffled_objects_seven_objects,0;47
6376,BBH,tracking_shuffled_objects_seven_objects,0;20
6377,BBH,tracking_shuffled_objects_seven_objects,0
6378,BBH,tracking_shuffled_objects_seven_objects,0
6379,BBH,tracking_shuffled_objects_seven_objects,0;47
6380,BBH,tracking_shuffled_objects_seven_objects,7;47
6381,BBH,tracking_shuffled_objects_seven_objects,0;12
6382,BBH,tracking_shuffled_objects_seven_objects,0;7;47
6383,BBH,tracking_shuffled_objects_seven_objects,0;47
6384,BBH,tracking_shuffled_objects_seven_objects,0;5
6385,BBH,tracking_shuffled_objects_seven_objects,0
6386,BBH,tracking_shuffled_objects_seven_objects,0
6387,BBH,tracking_shuffled_objects_seven_objects,0;5
6388,BBH,tracking_shuffled_objects_seven_objects,0
6389,BBH,tracking_shuffled_objects_seven_objects,0
6390,BBH,tracking_shuffled_objects_seven_objects,0
6391,BBH,tracking_shuffled_objects_seven_objects,0;5
6392,BBH,tracking_shuffled_objects_seven_objects,0;47
6393,BBH,tracking_shuffled_objects_seven_objects,0
6394,BBH,tracking_shuffled_objects_seven_objects,0
6395,BBH,tracking_shuffled_objects_seven_objects,0
6396,BBH,tracking_shuffled_objects_seven_objects,5;20
6397,BBH,tracking_shuffled_objects_seven_objects,0
6398,BBH,tracking_shuffled_objects_seven_objects,0;47
6399,BBH,tracking_shuffled_objects_seven_objects,0
6400,BBH,tracking_shuffled_objects_seven_objects,0
6401,BBH,tracking_shuffled_objects_seven_objects,0
6402,BBH,tracking_shuffled_objects_seven_objects,0
6403,BBH,tracking_shuffled_objects_seven_objects,0
6404,BBH,tracking_shuffled_objects_seven_objects,0;47
6405,BBH,tracking_shuffled_objects_seven_objects,0
6406,BBH,tracking_shuffled_objects_seven_objects,0;7;47
6407,BBH,tracking_shuffled_objects_seven_objects,0;47
6408,BBH,tracking_shuffled_objects_seven_objects,0
6409,BBH,tracking_shuffled_objects_seven_objects,0
6410,BBH,tracking_shuffled_objects_seven_objects,0
6411,BBH,tracking_shuffled_objects_seven_objects,0;5
6412,BBH,tracking_shuffled_objects_seven_objects,0
6413,BBH,tracking_shuffled_objects_seven_objects,0;7;47
6414,BBH,tracking_shuffled_objects_seven_objects,0
6415,BBH,tracking_shuffled_objects_seven_objects,0
6416,BBH,tracking_shuffled_objects_seven_objects,0;5;20
6417,BBH,tracking_shuffled_objects_seven_objects,0;47
6418,BBH,tracking_shuffled_objects_seven_objects,0
6419,BBH,tracking_shuffled_objects_seven_objects,0;7;47
6420,BBH,tracking_shuffled_objects_seven_objects,0;47
6421,BBH,tracking_shuffled_objects_seven_objects,0;47
6422,BBH,tracking_shuffled_objects_seven_objects,5
6423,BBH,tracking_shuffled_objects_seven_objects,0;47
6424,BBH,tracking_shuffled_objects_seven_objects,0;5;47
6425,BBH,tracking_shuffled_objects_seven_objects,5;20
6426,BBH,tracking_shuffled_objects_seven_objects,0
6427,BBH,tracking_shuffled_objects_seven_objects,0
6428,BBH,tracking_shuffled_objects_seven_objects,0;47
6429,BBH,tracking_shuffled_objects_seven_objects,0;47
6430,BBH,tracking_shuffled_objects_seven_objects,0
6431,BBH,tracking_shuffled_objects_seven_objects,0;47
6432,BBH,tracking_shuffled_objects_seven_objects,0
6433,BBH,tracking_shuffled_objects_seven_objects,0
6434,BBH,tracking_shuffled_objects_seven_objects,0
6435,BBH,tracking_shuffled_objects_seven_objects,0;5
6436,BBH,tracking_shuffled_objects_seven_objects,0;5;20
6437,BBH,tracking_shuffled_objects_seven_objects,0
6438,BBH,tracking_shuffled_objects_seven_objects,0
6439,BBH,tracking_shuffled_objects_seven_objects,0;24
6440,BBH,tracking_shuffled_objects_seven_objects,0
6441,BBH,tracking_shuffled_objects_seven_objects,0
6442,BBH,tracking_shuffled_objects_seven_objects,0
6443,BBH,tracking_shuffled_objects_seven_objects,0;47
6444,BBH,tracking_shuffled_objects_seven_objects,0
6445,BBH,tracking_shuffled_objects_seven_objects,0;47
6446,BBH,tracking_shuffled_objects_seven_objects,0;47
6447,BBH,tracking_shuffled_objects_seven_objects,0
6448,BBH,tracking_shuffled_objects_seven_objects,0
6449,BBH,tracking_shuffled_objects_seven_objects,0
6450,BBH,tracking_shuffled_objects_seven_objects,0
6451,BBH,tracking_shuffled_objects_seven_objects,0;47
6452,BBH,tracking_shuffled_objects_seven_objects,0
6453,BBH,tracking_shuffled_objects_seven_objects,0
6454,BBH,tracking_shuffled_objects_seven_objects,0;5
6455,BBH,tracking_shuffled_objects_seven_objects,0
6456,BBH,tracking_shuffled_objects_seven_objects,0
6457,BBH,tracking_shuffled_objects_seven_objects,0
6458,BBH,tracking_shuffled_objects_seven_objects,0
6459,BBH,tracking_shuffled_objects_seven_objects,0
6460,BBH,tracking_shuffled_objects_seven_objects,0
6461,BBH,tracking_shuffled_objects_seven_objects,0;47
6462,BBH,tracking_shuffled_objects_seven_objects,0;5
6463,BBH,tracking_shuffled_objects_seven_objects,0
6464,BBH,tracking_shuffled_objects_seven_objects,0;5
6465,BBH,tracking_shuffled_objects_seven_objects,0;7;47
6466,BBH,tracking_shuffled_objects_seven_objects,0
6467,BBH,tracking_shuffled_objects_seven_objects,0;5;20
6468,BBH,tracking_shuffled_objects_seven_objects,0
6469,BBH,tracking_shuffled_objects_seven_objects,0
6470,BBH,tracking_shuffled_objects_seven_objects,0
6471,BBH,tracking_shuffled_objects_seven_objects,0;47
6472,BBH,tracking_shuffled_objects_seven_objects,0
6473,BBH,tracking_shuffled_objects_seven_objects,0;5
6474,BBH,tracking_shuffled_objects_seven_objects,0
6475,BBH,tracking_shuffled_objects_seven_objects,5;20
6476,BBH,tracking_shuffled_objects_seven_objects,0
6477,BBH,tracking_shuffled_objects_seven_objects,0
6478,BBH,tracking_shuffled_objects_seven_objects,0
6479,BBH,tracking_shuffled_objects_seven_objects,0
6480,BBH,tracking_shuffled_objects_seven_objects,0;5
6481,BBH,tracking_shuffled_objects_seven_objects,0
6482,BBH,tracking_shuffled_objects_seven_objects,0;5;20
6483,BBH,tracking_shuffled_objects_seven_objects,0
6484,BBH,tracking_shuffled_objects_seven_objects,0;5
6485,BBH,tracking_shuffled_objects_seven_objects,0;47
6486,BBH,tracking_shuffled_objects_seven_objects,0
6487,BBH,tracking_shuffled_objects_seven_objects,0
6488,BBH,tracking_shuffled_objects_seven_objects,0;47
6489,BBH,tracking_shuffled_objects_seven_objects,0
6490,BBH,tracking_shuffled_objects_seven_objects,0;47
6491,BBH,tracking_shuffled_objects_seven_objects,0;5
6492,BBH,tracking_shuffled_objects_seven_objects,0;47
6493,BBH,tracking_shuffled_objects_seven_objects,5
6494,BBH,tracking_shuffled_objects_seven_objects,0;47
6495,BBH,tracking_shuffled_objects_seven_objects,0
6496,BBH,tracking_shuffled_objects_seven_objects,0;5
6497,BBH,tracking_shuffled_objects_seven_objects,0;83
6498,BBH,tracking_shuffled_objects_seven_objects,0;47
6499,BBH,tracking_shuffled_objects_seven_objects,0
6500,BBH,tracking_shuffled_objects_seven_objects,0
6501,BBH,tracking_shuffled_objects_seven_objects,0;47
6502,BBH,tracking_shuffled_objects_seven_objects,0;47
6503,BBH,tracking_shuffled_objects_seven_objects,0
6504,BBH,tracking_shuffled_objects_seven_objects,0;5
6505,BBH,tracking_shuffled_objects_seven_objects,0;47
6506,BBH,tracking_shuffled_objects_seven_objects,0;47
6507,BBH,tracking_shuffled_objects_seven_objects,0
6508,BBH,tracking_shuffled_objects_seven_objects,0
6509,BBH,tracking_shuffled_objects_seven_objects,0
6510,BBH,tracking_shuffled_objects_seven_objects,0
6511,BBH,tracking_shuffled_objects_seven_objects,0
6512,BBH,tracking_shuffled_objects_seven_objects,0
6513,BBH,tracking_shuffled_objects_seven_objects,0
6514,BBH,tracking_shuffled_objects_seven_objects,0;47
6515,BBH,tracking_shuffled_objects_seven_objects,0
6516,BBH,tracking_shuffled_objects_seven_objects,0
6517,BBH,tracking_shuffled_objects_seven_objects,0;47
6518,BBH,tracking_shuffled_objects_seven_objects,0
6519,BBH,tracking_shuffled_objects_seven_objects,0;5
6520,BBH,tracking_shuffled_objects_seven_objects,0;20;47
6521,BBH,tracking_shuffled_objects_seven_objects,0;5
6522,BBH,tracking_shuffled_objects_seven_objects,0;5
6523,BBH,tracking_shuffled_objects_seven_objects,0
6524,BBH,tracking_shuffled_objects_seven_objects,0
6525,BBH,tracking_shuffled_objects_seven_objects,0;47
6526,BBH,tracking_shuffled_objects_seven_objects,5
6527,BBH,tracking_shuffled_objects_seven_objects,0
6528,BBH,tracking_shuffled_objects_seven_objects,0
6529,BBH,tracking_shuffled_objects_seven_objects,0
6530,BBH,tracking_shuffled_objects_seven_objects,0;47
6531,BBH,tracking_shuffled_objects_seven_objects,0
6532,BBH,tracking_shuffled_objects_seven_objects,0
6533,BBH,tracking_shuffled_objects_seven_objects,0
6534,BBH,tracking_shuffled_objects_seven_objects,0
6535,BBH,tracking_shuffled_objects_seven_objects,0
6536,BBH,tracking_shuffled_objects_seven_objects,0;20;47
6537,BBH,tracking_shuffled_objects_seven_objects,0;47
6538,BBH,tracking_shuffled_objects_seven_objects,0
6539,BBH,tracking_shuffled_objects_three_objects,0;7;47
6540,BBH,tracking_shuffled_objects_three_objects,47
6541,BBH,tracking_shuffled_objects_three_objects,0;47
6542,BBH,tracking_shuffled_objects_three_objects,0
6543,BBH,tracking_shuffled_objects_three_objects,0;7;47
6544,BBH,tracking_shuffled_objects_three_objects,0;7
6545,BBH,tracking_shuffled_objects_three_objects,0
6546,BBH,tracking_shuffled_objects_three_objects,0;7;47
6547,BBH,tracking_shuffled_objects_three_objects,0
6548,BBH,tracking_shuffled_objects_three_objects,0
6549,BBH,tracking_shuffled_objects_three_objects,0;20
6550,BBH,tracking_shuffled_objects_three_objects,0
6551,BBH,tracking_shuffled_objects_three_objects,0
6552,BBH,tracking_shuffled_objects_three_objects,0
6553,BBH,tracking_shuffled_objects_three_objects,0;20
6554,BBH,tracking_shuffled_objects_three_objects,0
6555,BBH,tracking_shuffled_objects_three_objects,0;7;47
6556,BBH,tracking_shuffled_objects_three_objects,5
6557,BBH,tracking_shuffled_objects_three_objects,5
6558,BBH,tracking_shuffled_objects_three_objects,47
6559,BBH,tracking_shuffled_objects_three_objects,0
6560,BBH,tracking_shuffled_objects_three_objects,5
6561,BBH,tracking_shuffled_objects_three_objects,0
6562,BBH,tracking_shuffled_objects_three_objects,0
6563,BBH,tracking_shuffled_objects_three_objects,0;47
6564,BBH,tracking_shuffled_objects_three_objects,0;47
6565,BBH,tracking_shuffled_objects_three_objects,0
6566,BBH,tracking_shuffled_objects_three_objects,0
6567,BBH,tracking_shuffled_objects_three_objects,0;7;47
6568,BBH,tracking_shuffled_objects_three_objects,0
6569,BBH,tracking_shuffled_objects_three_objects,0;20
6570,BBH,tracking_shuffled_objects_three_objects,0
6571,BBH,tracking_shuffled_objects_three_objects,0
6572,BBH,tracking_shuffled_objects_three_objects,0
6573,BBH,tracking_shuffled_objects_three_objects,7;47
6574,BBH,tracking_shuffled_objects_three_objects,0
6575,BBH,tracking_shuffled_objects_three_objects,0
6576,BBH,tracking_shuffled_objects_three_objects,0
6577,BBH,tracking_shuffled_objects_three_objects,0;7
6578,BBH,tracking_shuffled_objects_three_objects,0
6579,BBH,tracking_shuffled_objects_three_objects,0
6580,BBH,tracking_shuffled_objects_three_objects,0;5
6581,BBH,tracking_shuffled_objects_three_objects,5
6582,BBH,tracking_shuffled_objects_three_objects,0
6583,BBH,tracking_shuffled_objects_three_objects,7;47
6584,BBH,tracking_shuffled_objects_three_objects,0;20
6585,BBH,tracking_shuffled_objects_three_objects,0;20
6586,BBH,tracking_shuffled_objects_three_objects,0;7;47
6587,BBH,tracking_shuffled_objects_three_objects,5
6588,BBH,tracking_shuffled_objects_three_objects,0
6589,BBH,tracking_shuffled_objects_three_objects,47
6590,BBH,tracking_shuffled_objects_three_objects,0
6591,BBH,tracking_shuffled_objects_three_objects,0;7
6592,BBH,tracking_shuffled_objects_three_objects,47
6593,BBH,tracking_shuffled_objects_three_objects,0
6594,BBH,tracking_shuffled_objects_three_objects,0
6595,BBH,tracking_shuffled_objects_three_objects,5
6596,BBH,tracking_shuffled_objects_three_objects,0;20
6597,BBH,tracking_shuffled_objects_three_objects,0;7;47
6598,BBH,tracking_shuffled_objects_three_objects,5
6599,BBH,tracking_shuffled_objects_three_objects,0;7;47
6600,BBH,tracking_shuffled_objects_three_objects,0
6601,BBH,tracking_shuffled_objects_three_objects,5;12
6602,BBH,tracking_shuffled_objects_three_objects,5
6603,BBH,tracking_shuffled_objects_three_objects,5;20
6604,BBH,tracking_shuffled_objects_three_objects,0;20
6605,BBH,tracking_shuffled_objects_three_objects,0;7
6606,BBH,tracking_shuffled_objects_three_objects,0
6607,BBH,tracking_shuffled_objects_three_objects,0
6608,BBH,tracking_shuffled_objects_three_objects,5
6609,BBH,tracking_shuffled_objects_three_objects,0;20
6610,BBH,tracking_shuffled_objects_three_objects,0
6611,BBH,tracking_shuffled_objects_three_objects,0
6612,BBH,tracking_shuffled_objects_three_objects,47
6613,BBH,tracking_shuffled_objects_three_objects,0;20
6614,BBH,tracking_shuffled_objects_three_objects,0
6615,BBH,tracking_shuffled_objects_three_objects,0
6616,BBH,tracking_shuffled_objects_three_objects,47
6617,BBH,tracking_shuffled_objects_three_objects,0;20
6618,BBH,tracking_shuffled_objects_three_objects,0;47
6619,BBH,tracking_shuffled_objects_three_objects,0
6620,BBH,tracking_shuffled_objects_three_objects,5
6621,BBH,tracking_shuffled_objects_three_objects,5
6622,BBH,tracking_shuffled_objects_three_objects,5
6623,BBH,tracking_shuffled_objects_three_objects,0
6624,BBH,tracking_shuffled_objects_three_objects,0;7
6625,BBH,tracking_shuffled_objects_three_objects,47
6626,BBH,tracking_shuffled_objects_three_objects,5
6627,BBH,tracking_shuffled_objects_three_objects,0;7;47
6628,BBH,tracking_shuffled_objects_three_objects,0
6629,BBH,tracking_shuffled_objects_three_objects,0
6630,BBH,tracking_shuffled_objects_three_objects,5
6631,BBH,tracking_shuffled_objects_three_objects,5
6632,BBH,tracking_shuffled_objects_three_objects,5
6633,BBH,tracking_shuffled_objects_three_objects,0;20
6634,BBH,tracking_shuffled_objects_three_objects,0
6635,BBH,tracking_shuffled_objects_three_objects,47
6636,BBH,tracking_shuffled_objects_three_objects,0;47
6637,BBH,tracking_shuffled_objects_three_objects,0;20
6638,BBH,tracking_shuffled_objects_three_objects,0;7;47
6639,BBH,tracking_shuffled_objects_three_objects,0;20
6640,BBH,tracking_shuffled_objects_three_objects,0
6641,BBH,tracking_shuffled_objects_three_objects,0
6642,BBH,tracking_shuffled_objects_three_objects,0;20
6643,BBH,tracking_shuffled_objects_three_objects,0
6644,BBH,tracking_shuffled_objects_three_objects,0
6645,BBH,tracking_shuffled_objects_three_objects,0
6646,BBH,tracking_shuffled_objects_three_objects,0
6647,BBH,tracking_shuffled_objects_three_objects,0
6648,BBH,tracking_shuffled_objects_three_objects,0;20
6649,BBH,tracking_shuffled_objects_three_objects,7;47
6650,BBH,tracking_shuffled_objects_three_objects,5
6651,BBH,tracking_shuffled_objects_three_objects,47
6652,BBH,tracking_shuffled_objects_three_objects,0
6653,BBH,tracking_shuffled_objects_three_objects,0
6654,BBH,tracking_shuffled_objects_three_objects,0
6655,BBH,tracking_shuffled_objects_three_objects,0;7
6656,BBH,tracking_shuffled_objects_three_objects,5
6657,BBH,tracking_shuffled_objects_three_objects,0
6658,BBH,tracking_shuffled_objects_three_objects,0;20
6659,BBH,tracking_shuffled_objects_three_objects,47
6660,BBH,tracking_shuffled_objects_three_objects,5
6661,BBH,tracking_shuffled_objects_three_objects,0
6662,BBH,tracking_shuffled_objects_three_objects,0;7
6663,BBH,tracking_shuffled_objects_three_objects,5
6664,BBH,tracking_shuffled_objects_three_objects,5
6665,BBH,tracking_shuffled_objects_three_objects,7;47
6666,BBH,tracking_shuffled_objects_three_objects,0
6667,BBH,tracking_shuffled_objects_three_objects,5
6668,BBH,tracking_shuffled_objects_three_objects,47
6669,BBH,tracking_shuffled_objects_three_objects,0
6670,BBH,tracking_shuffled_objects_three_objects,7;47
6671,BBH,tracking_shuffled_objects_three_objects,0
6672,BBH,tracking_shuffled_objects_three_objects,0;20
6673,BBH,tracking_shuffled_objects_three_objects,0
6674,BBH,tracking_shuffled_objects_three_objects,0
6675,BBH,tracking_shuffled_objects_three_objects,7;47
6676,BBH,tracking_shuffled_objects_three_objects,0
6677,BBH,tracking_shuffled_objects_three_objects,0;20
6678,BBH,tracking_shuffled_objects_three_objects,5
6679,BBH,tracking_shuffled_objects_three_objects,47
6680,BBH,tracking_shuffled_objects_three_objects,5;20
6681,BBH,tracking_shuffled_objects_three_objects,5
6682,BBH,tracking_shuffled_objects_three_objects,0;20
6683,BBH,tracking_shuffled_objects_three_objects,0
6684,BBH,tracking_shuffled_objects_three_objects,0
6685,BBH,tracking_shuffled_objects_three_objects,0;20
6686,BBH,tracking_shuffled_objects_three_objects,0;20
6687,BBH,tracking_shuffled_objects_three_objects,5
6688,BBH,tracking_shuffled_objects_three_objects,47
6689,BBH,tracking_shuffled_objects_three_objects,0
6690,BBH,tracking_shuffled_objects_three_objects,5
6691,BBH,tracking_shuffled_objects_three_objects,0;20
6692,BBH,tracking_shuffled_objects_three_objects,0
6693,BBH,tracking_shuffled_objects_three_objects,0
6694,BBH,tracking_shuffled_objects_three_objects,5
6695,BBH,tracking_shuffled_objects_three_objects,7;47
6696,BBH,tracking_shuffled_objects_three_objects,5
6697,BBH,tracking_shuffled_objects_three_objects,47
6698,BBH,tracking_shuffled_objects_three_objects,0;7
6699,BBH,tracking_shuffled_objects_three_objects,0;5
6700,BBH,tracking_shuffled_objects_three_objects,0;5
6701,BBH,tracking_shuffled_objects_three_objects,0;20
6702,BBH,tracking_shuffled_objects_three_objects,0;7;20
6703,BBH,tracking_shuffled_objects_three_objects,0;20
6704,BBH,tracking_shuffled_objects_three_objects,0
6705,BBH,tracking_shuffled_objects_three_objects,0;47
6706,BBH,tracking_shuffled_objects_three_objects,0
6707,BBH,tracking_shuffled_objects_three_objects,0
6708,BBH,tracking_shuffled_objects_three_objects,5
6709,BBH,tracking_shuffled_objects_three_objects,0;5
6710,BBH,tracking_shuffled_objects_three_objects,0;47
6711,BBH,tracking_shuffled_objects_three_objects,0;20
6712,BBH,tracking_shuffled_objects_three_objects,5
6713,BBH,tracking_shuffled_objects_three_objects,5
6714,BBH,tracking_shuffled_objects_three_objects,0
6715,BBH,tracking_shuffled_objects_three_objects,0;20
6716,BBH,tracking_shuffled_objects_three_objects,5
6717,BBH,tracking_shuffled_objects_three_objects,0;20
6718,BBH,tracking_shuffled_objects_three_objects,7;47
6719,BBH,tracking_shuffled_objects_three_objects,0
6720,BBH,tracking_shuffled_objects_three_objects,0
6721,BBH,tracking_shuffled_objects_three_objects,0;47
6722,BBH,tracking_shuffled_objects_three_objects,0;7;47
6723,BBH,tracking_shuffled_objects_three_objects,0
6724,BBH,tracking_shuffled_objects_three_objects,0
6725,BBH,tracking_shuffled_objects_three_objects,0
6726,BBH,tracking_shuffled_objects_three_objects,47
6727,BBH,tracking_shuffled_objects_three_objects,5;20
6728,BBH,tracking_shuffled_objects_three_objects,0
6729,BBH,tracking_shuffled_objects_three_objects,5
6730,BBH,tracking_shuffled_objects_three_objects,0;47
6731,BBH,tracking_shuffled_objects_three_objects,0;20
6732,BBH,tracking_shuffled_objects_three_objects,7;47
6733,BBH,tracking_shuffled_objects_three_objects,0
6734,BBH,tracking_shuffled_objects_three_objects,0
6735,BBH,tracking_shuffled_objects_three_objects,47
6736,BBH,tracking_shuffled_objects_three_objects,0
6737,BBH,tracking_shuffled_objects_three_objects,0;47
6738,BBH,tracking_shuffled_objects_three_objects,0
6739,BBH,tracking_shuffled_objects_three_objects,0
6740,BBH,tracking_shuffled_objects_three_objects,0
6741,BBH,tracking_shuffled_objects_three_objects,0
6742,BBH,tracking_shuffled_objects_three_objects,5
6743,BBH,tracking_shuffled_objects_three_objects,0
6744,BBH,tracking_shuffled_objects_three_objects,0
6745,BBH,tracking_shuffled_objects_three_objects,0
6746,BBH,tracking_shuffled_objects_three_objects,5;12
6747,BBH,tracking_shuffled_objects_three_objects,5
6748,BBH,tracking_shuffled_objects_three_objects,0
6749,BBH,tracking_shuffled_objects_three_objects,5
6750,BBH,tracking_shuffled_objects_three_objects,0
6751,BBH,tracking_shuffled_objects_three_objects,0;20
6752,BBH,tracking_shuffled_objects_three_objects,0;7
6753,BBH,tracking_shuffled_objects_three_objects,0
6754,BBH,tracking_shuffled_objects_three_objects,0
6755,BBH,tracking_shuffled_objects_three_objects,0
6756,BBH,tracking_shuffled_objects_three_objects,0
6757,BBH,tracking_shuffled_objects_three_objects,0;7;47
6758,BBH,tracking_shuffled_objects_three_objects,5
6759,BBH,tracking_shuffled_objects_three_objects,0
6760,BBH,tracking_shuffled_objects_three_objects,0;20
6761,BBH,tracking_shuffled_objects_three_objects,0
6762,BBH,tracking_shuffled_objects_three_objects,0
6763,BBH,tracking_shuffled_objects_three_objects,0
6764,BBH,tracking_shuffled_objects_three_objects,0
6765,BBH,tracking_shuffled_objects_three_objects,0
6766,BBH,tracking_shuffled_objects_three_objects,0
6767,BBH,tracking_shuffled_objects_three_objects,0
6768,BBH,tracking_shuffled_objects_three_objects,0
6769,BBH,tracking_shuffled_objects_three_objects,0
6770,BBH,tracking_shuffled_objects_three_objects,5
6771,BBH,tracking_shuffled_objects_three_objects,0;20
6772,BBH,tracking_shuffled_objects_three_objects,0
6773,BBH,tracking_shuffled_objects_three_objects,7;47
6774,BBH,tracking_shuffled_objects_three_objects,47
6775,BBH,tracking_shuffled_objects_three_objects,0
6776,BBH,tracking_shuffled_objects_three_objects,0
6777,BBH,tracking_shuffled_objects_three_objects,5;20
6778,BBH,tracking_shuffled_objects_three_objects,5
6779,BBH,tracking_shuffled_objects_three_objects,0;7;47
6780,BBH,tracking_shuffled_objects_three_objects,5
6781,BBH,tracking_shuffled_objects_three_objects,0
6782,BBH,tracking_shuffled_objects_three_objects,0
6783,BBH,tracking_shuffled_objects_three_objects,47
6784,BBH,tracking_shuffled_objects_three_objects,0
6785,BBH,tracking_shuffled_objects_three_objects,47
6786,BBH,tracking_shuffled_objects_three_objects,0
6787,BBH,tracking_shuffled_objects_three_objects,5
6788,BBH,tracking_shuffled_objects_three_objects,5
6789,BBH,web_of_lies,7;97
6790,BBH,web_of_lies,97
6791,BBH,web_of_lies,97
6792,BBH,web_of_lies,97
6793,BBH,web_of_lies,97
6794,BBH,web_of_lies,97
6795,BBH,web_of_lies,97
6796,BBH,web_of_lies,7;97
6797,BBH,web_of_lies,7;97
6798,BBH,web_of_lies,97
6799,BBH,web_of_lies,97
6800,BBH,web_of_lies,97
6801,BBH,web_of_lies,7;97
6802,BBH,web_of_lies,97
6803,BBH,web_of_lies,97
6804,BBH,web_of_lies,7;97
6805,BBH,web_of_lies,97
6806,BBH,web_of_lies,97
6807,BBH,web_of_lies,97
6808,BBH,web_of_lies,97
6809,BBH,web_of_lies,97
6810,BBH,web_of_lies,7;97
6811,BBH,web_of_lies,97
6812,BBH,web_of_lies,7;97
6813,BBH,web_of_lies,97
6814,BBH,web_of_lies,97
6815,BBH,web_of_lies,97
6816,BBH,web_of_lies,97
6817,BBH,web_of_lies,97
6818,BBH,web_of_lies,97
6819,BBH,web_of_lies,97
6820,BBH,web_of_lies,97
6821,BBH,web_of_lies,97
6822,BBH,web_of_lies,97
6823,BBH,web_of_lies,97
6824,BBH,web_of_lies,97
6825,BBH,web_of_lies,97
6826,BBH,web_of_lies,97
6827,BBH,web_of_lies,97
6828,BBH,web_of_lies,97
6829,BBH,web_of_lies,97
6830,BBH,web_of_lies,97
6831,BBH,web_of_lies,97
6832,BBH,web_of_lies,97
6833,BBH,web_of_lies,97
6834,BBH,web_of_lies,97
6835,BBH,web_of_lies,7;97
6836,BBH,web_of_lies,97
6837,BBH,web_of_lies,97
6838,BBH,web_of_lies,97
6839,BBH,web_of_lies,97
6840,BBH,web_of_lies,97
6841,BBH,web_of_lies,7;97
6842,BBH,web_of_lies,97
6843,BBH,web_of_lies,97
6844,BBH,web_of_lies,7;97
6845,BBH,web_of_lies,7;97
6846,BBH,web_of_lies,97
6847,BBH,web_of_lies,97
6848,BBH,web_of_lies,97
6849,BBH,web_of_lies,97
6850,BBH,web_of_lies,97
6851,BBH,web_of_lies,97
6852,BBH,web_of_lies,7;97
6853,BBH,web_of_lies,97
6854,BBH,web_of_lies,97
6855,BBH,web_of_lies,97
6856,BBH,web_of_lies,7;97
6857,BBH,web_of_lies,97
6858,BBH,web_of_lies,97
6859,BBH,web_of_lies,7;97
6860,BBH,web_of_lies,97
6861,BBH,web_of_lies,97
6862,BBH,web_of_lies,97
6863,BBH,web_of_lies,7;97
6864,BBH,web_of_lies,97
6865,BBH,web_of_lies,7;97
6866,BBH,web_of_lies,97
6867,BBH,web_of_lies,97
6868,BBH,web_of_lies,97
6869,BBH,web_of_lies,7;97
6870,BBH,web_of_lies,97
6871,BBH,web_of_lies,97
6872,BBH,web_of_lies,97
6873,BBH,web_of_lies,7;97
6874,BBH,web_of_lies,97
6875,BBH,web_of_lies,97
6876,BBH,web_of_lies,7;97
6877,BBH,web_of_lies,97
6878,BBH,web_of_lies,97
6879,BBH,web_of_lies,97
6880,BBH,web_of_lies,97
6881,BBH,web_of_lies,7;97
6882,BBH,web_of_lies,97
6883,BBH,web_of_lies,97
6884,BBH,web_of_lies,97
6885,BBH,web_of_lies,97
6886,BBH,web_of_lies,97
6887,BBH,web_of_lies,97
6888,BBH,web_of_lies,97
6889,BBH,web_of_lies,97
6890,BBH,web_of_lies,7;97
6891,BBH,web_of_lies,97
6892,BBH,web_of_lies,97
6893,BBH,web_of_lies,97
6894,BBH,web_of_lies,7;97
6895,BBH,web_of_lies,97
6896,BBH,web_of_lies,97
6897,BBH,web_of_lies,7;97
6898,BBH,web_of_lies,7;97
6899,BBH,web_of_lies,97
6900,BBH,web_of_lies,97
6901,BBH,web_of_lies,97
6902,BBH,web_of_lies,7;97
6903,BBH,web_of_lies,97
6904,BBH,web_of_lies,7;97
6905,BBH,web_of_lies,7;97
6906,BBH,web_of_lies,97
6907,BBH,web_of_lies,97
6908,BBH,web_of_lies,7;97
6909,BBH,web_of_lies,97
6910,BBH,web_of_lies,7;97
6911,BBH,web_of_lies,97
6912,BBH,web_of_lies,97
6913,BBH,web_of_lies,7;97
6914,BBH,web_of_lies,7;97
6915,BBH,web_of_lies,7;97
6916,BBH,web_of_lies,97
6917,BBH,web_of_lies,97
6918,BBH,web_of_lies,97
6919,BBH,web_of_lies,97
6920,BBH,web_of_lies,7;97
6921,BBH,web_of_lies,97
6922,BBH,web_of_lies,97
6923,BBH,web_of_lies,97
6924,BBH,web_of_lies,7;97
6925,BBH,web_of_lies,7;97
6926,BBH,web_of_lies,97
6927,BBH,web_of_lies,7;97
6928,BBH,web_of_lies,97
6929,BBH,web_of_lies,97
6930,BBH,web_of_lies,97
6931,BBH,web_of_lies,97
6932,BBH,web_of_lies,97
6933,BBH,web_of_lies,7;97
6934,BBH,web_of_lies,97
6935,BBH,web_of_lies,97
6936,BBH,web_of_lies,97
6937,BBH,web_of_lies,97
6938,BBH,web_of_lies,97
6939,BBH,web_of_lies,97
6940,BBH,web_of_lies,7;97
6941,BBH,web_of_lies,97
6942,BBH,web_of_lies,97
6943,BBH,web_of_lies,7;97
6944,BBH,web_of_lies,97
6945,BBH,web_of_lies,7;97
6946,BBH,web_of_lies,97
6947,BBH,web_of_lies,7;97
6948,BBH,web_of_lies,97
6949,BBH,web_of_lies,97
6950,BBH,web_of_lies,97
6951,BBH,web_of_lies,97
6952,BBH,web_of_lies,7;97
6953,BBH,web_of_lies,7;97
6954,BBH,web_of_lies,97
6955,BBH,web_of_lies,97
6956,BBH,web_of_lies,97
6957,BBH,web_of_lies,7;97
6958,BBH,web_of_lies,97
6959,BBH,web_of_lies,97
6960,BBH,web_of_lies,7;97
6961,BBH,web_of_lies,97
6962,BBH,web_of_lies,97
6963,BBH,web_of_lies,97
6964,BBH,web_of_lies,97
6965,BBH,web_of_lies,97
6966,BBH,web_of_lies,97
6967,BBH,web_of_lies,7;97
6968,BBH,web_of_lies,97
6969,BBH,web_of_lies,7;97
6970,BBH,web_of_lies,7;97
6971,BBH,web_of_lies,97
6972,BBH,web_of_lies,97
6973,BBH,web_of_lies,97
6974,BBH,web_of_lies,97
6975,BBH,web_of_lies,7;97
6976,BBH,web_of_lies,97
6977,BBH,web_of_lies,97
6978,BBH,web_of_lies,97
6979,BBH,web_of_lies,97
6980,BBH,web_of_lies,97
6981,BBH,web_of_lies,7;97
6982,BBH,web_of_lies,7;97
6983,BBH,web_of_lies,97
6984,BBH,web_of_lies,97
6985,BBH,web_of_lies,7;97
6986,BBH,web_of_lies,7;97
6987,BBH,web_of_lies,97
6988,BBH,web_of_lies,97
6989,BBH,web_of_lies,7;97
6990,BBH,web_of_lies,7;97
6991,BBH,web_of_lies,97
6992,BBH,web_of_lies,7;97
6993,BBH,web_of_lies,97
6994,BBH,web_of_lies,97
6995,BBH,web_of_lies,97
6996,BBH,web_of_lies,0;97
6997,BBH,web_of_lies,97
6998,BBH,web_of_lies,97
6999,BBH,web_of_lies,97
7000,BBH,web_of_lies,97
7001,BBH,web_of_lies,7;97
7002,BBH,web_of_lies,97
7003,BBH,web_of_lies,97
7004,BBH,web_of_lies,7;97
7005,BBH,web_of_lies,97
7006,BBH,web_of_lies,97
7007,BBH,web_of_lies,97
7008,BBH,web_of_lies,97
7009,BBH,web_of_lies,97
7010,BBH,web_of_lies,97
7011,BBH,web_of_lies,97
7012,BBH,web_of_lies,7;97
7013,BBH,web_of_lies,0;97
7014,BBH,web_of_lies,7;97
7015,BBH,web_of_lies,97
7016,BBH,web_of_lies,97
7017,BBH,web_of_lies,97
7018,BBH,web_of_lies,97
7019,BBH,web_of_lies,97
7020,BBH,web_of_lies,0;97
7021,BBH,web_of_lies,97
7022,BBH,web_of_lies,97
7023,BBH,web_of_lies,97
7024,BBH,web_of_lies,97
7025,BBH,web_of_lies,97
7026,BBH,web_of_lies,97
7027,BBH,web_of_lies,97
7028,BBH,web_of_lies,97
7029,BBH,web_of_lies,7;97
7030,BBH,web_of_lies,97
7031,BBH,web_of_lies,97
7032,BBH,web_of_lies,7;97
7033,BBH,web_of_lies,7;97
7034,BBH,web_of_lies,7;97
7035,BBH,web_of_lies,7;97
7036,BBH,web_of_lies,7;97
7037,BBH,web_of_lies,7;97
7038,BBH,web_of_lies,97
7039,GPQA,Diamond,3;15
7040,GPQA,Diamond,42
7041,GPQA,Diamond,3
7042,GPQA,Diamond,62
7043,GPQA,Diamond,3
7044,GPQA,Diamond,3
7045,GPQA,Diamond,14;89
7046,GPQA,Diamond,45
7047,GPQA,Diamond,42
7048,GPQA,Diamond,25
7049,GPQA,Diamond,45
7050,GPQA,Diamond,14
7051,GPQA,Diamond,42
7052,GPQA,Diamond,45
7053,GPQA,Diamond,25
7054,GPQA,Diamond,42
7055,GPQA,Diamond,15;44
7056,GPQA,Diamond,25
7057,GPQA,Diamond,42
7058,GPQA,Diamond,14
7059,GPQA,Diamond,42
7060,GPQA,Diamond,44
7061,GPQA,Diamond,42
7062,GPQA,Diamond,42
7063,GPQA,Diamond,42
7064,GPQA,Diamond,42
7065,GPQA,Diamond,45
7066,GPQA,Diamond,42
7067,GPQA,Diamond,45
7068,GPQA,Diamond,20;42;89
7069,GPQA,Diamond,42;64
7070,GPQA,Diamond,14
7071,GPQA,Diamond,42
7072,GPQA,Diamond,42
7073,GPQA,Diamond,73
7074,GPQA,Diamond,34
7075,GPQA,Diamond,42;44
7076,GPQA,Diamond,42
7077,GPQA,Diamond,1;3;20
7078,GPQA,Diamond,40;42
7079,GPQA,Diamond,30;89
7080,GPQA,Diamond,25
7081,GPQA,Diamond,42
7082,GPQA,Diamond,20;45
7083,GPQA,Diamond,3
7084,GPQA,Diamond,42
7085,GPQA,Diamond,42
7086,GPQA,Diamond,42
7087,GPQA,Diamond,42
7088,GPQA,Diamond,10;15;64
7089,GPQA,Diamond,62
7090,GPQA,Diamond,40;89
7091,GPQA,Diamond,42
7092,GPQA,Diamond,42
7093,GPQA,Diamond,42
7094,GPQA,Diamond,3
7095,GPQA,Diamond,15;89
7096,GPQA,Diamond,3
7097,GPQA,Diamond,44
7098,GPQA,Diamond,25;30
7099,GPQA,Diamond,42
7100,GPQA,Diamond,42
7101,GPQA,Diamond,3;15;42
7102,GPQA,Diamond,44
7103,GPQA,Diamond,42
7104,GPQA,Diamond,64
7105,GPQA,Diamond,3
7106,GPQA,Diamond,3;15;77
7107,GPQA,Diamond,14
7108,GPQA,Diamond,44;64
7109,GPQA,Diamond,40
7110,GPQA,Diamond,40;42
7111,GPQA,Diamond,14;30
7112,GPQA,Diamond,9;14
7113,GPQA,Diamond,45;97
7114,GPQA,Diamond,45
7115,GPQA,Diamond,42
7116,GPQA,Diamond,62
7117,GPQA,Diamond,42
7118,GPQA,Diamond,38;66
7119,GPQA,Diamond,42
7120,GPQA,Diamond,2;42
7121,GPQA,Diamond,42;44
7122,GPQA,Diamond,3;17;42
7123,GPQA,Diamond,40
7124,GPQA,Diamond,42
7125,GPQA,Diamond,42
7126,GPQA,Diamond,45
7127,GPQA,Diamond,42
7128,GPQA,Diamond,42
7129,GPQA,Diamond,42
7130,GPQA,Diamond,42
7131,GPQA,Diamond,45
7132,GPQA,Diamond,42
7133,GPQA,Diamond,42
7134,GPQA,Diamond,14;25
7135,GPQA,Diamond,45
7136,GPQA,Diamond,42
7137,GPQA,Diamond,42
7138,GPQA,Diamond,20;42
7139,GPQA,Diamond,42
7140,GPQA,Diamond,45
7141,GPQA,Diamond,42
7142,GPQA,Diamond,15;25
7143,GPQA,Diamond,25
7144,GPQA,Diamond,42
7145,GPQA,Diamond,42
7146,GPQA,Diamond,1;3
7147,GPQA,Diamond,3;42
7148,GPQA,Diamond,2;25;89
7149,GPQA,Diamond,42
7150,GPQA,Diamond,3
7151,GPQA,Diamond,14;42
7152,GPQA,Diamond,42
7153,GPQA,Diamond,89
7154,GPQA,Diamond,42
7155,GPQA,Diamond,42
7156,GPQA,Diamond,42
7157,GPQA,Diamond,42
7158,GPQA,Diamond,25
7159,GPQA,Diamond,42
7160,GPQA,Diamond,42
7161,GPQA,Diamond,25
7162,GPQA,Diamond,14
7163,GPQA,Diamond,3
7164,GPQA,Diamond,42
7165,GPQA,Diamond,42
7166,GPQA,Diamond,45
7167,GPQA,Diamond,42
7168,GPQA,Diamond,25;89
7169,GPQA,Diamond,42
7170,GPQA,Diamond,42
7171,GPQA,Diamond,44
7172,GPQA,Diamond,44
7173,GPQA,Diamond,14
7174,GPQA,Diamond,2;24;62
7175,GPQA,Diamond,15;77
7176,GPQA,Diamond,40;44
7177,GPQA,Diamond,42
7178,GPQA,Diamond,42;44
7179,GPQA,Diamond,42
7180,GPQA,Diamond,3
7181,GPQA,Diamond,42
7182,GPQA,Diamond,3;14
7183,GPQA,Diamond,26;42
7184,GPQA,Diamond,42
7185,GPQA,Diamond,14
7186,GPQA,Diamond,42;44
7187,GPQA,Diamond,42
7188,GPQA,Diamond,42
7189,GPQA,Diamond,3
7190,GPQA,Diamond,45
7191,GPQA,Diamond,42
7192,GPQA,Diamond,42
7193,GPQA,Diamond,3
7194,GPQA,Diamond,42
7195,GPQA,Diamond,45
7196,GPQA,Diamond,45
7197,GPQA,Diamond,25
7198,GPQA,Diamond,2;11;89
7199,GPQA,Diamond,1;12;20
7200,GPQA,Diamond,2;55
7201,GPQA,Diamond,44
7202,GPQA,Diamond,14;25
7203,GPQA,Diamond,42;76
7204,GPQA,Diamond,14;44
7205,GPQA,Diamond,3
7206,GPQA,Diamond,45
7207,GPQA,Diamond,42
7208,GPQA,Diamond,3
7209,GPQA,Diamond,42
7210,GPQA,Diamond,6;25;40
7211,GPQA,Diamond,3
7212,GPQA,Diamond,3;14
7213,GPQA,Diamond,14;89
7214,GPQA,Diamond,9;12
7215,GPQA,Diamond,25
7216,GPQA,Diamond,3;14
7217,GPQA,Diamond,3;6
7218,GPQA,Diamond,15;62
7219,GPQA,Diamond,14;15;18
7220,GPQA,Diamond,87
7221,GPQA,Diamond,42
7222,GPQA,Diamond,42
7223,GPQA,Diamond,3;73
7224,GPQA,Diamond,42
7225,GPQA,Diamond,2;25;89
7226,GPQA,Diamond,2
7227,GPQA,Diamond,3;64
7228,GPQA,Diamond,42
7229,GPQA,Diamond,42
7230,GPQA,Diamond,62
7231,GPQA,Diamond,15;25
7232,GPQA,Diamond,3;6;40
7233,GPQA,Diamond,25
7234,GPQA,Diamond,3;30
7235,GPQA,Diamond,42
7236,GPQA,Diamond,42;44
7237,GPQA,Extended,45
7238,GPQA,Extended,3;15
7239,GPQA,Extended,42
7240,GPQA,Extended,42
7241,GPQA,Extended,4
7242,GPQA,Extended,2
7243,GPQA,Extended,42
7244,GPQA,Extended,42
7245,GPQA,Extended,3
7246,GPQA,Extended,15;30;87
7247,GPQA,Extended,62
7248,GPQA,Extended,42
7249,GPQA,Extended,44
7250,GPQA,Extended,12;45
7251,GPQA,Extended,12;42;47
7252,GPQA,Extended,44
7253,GPQA,Extended,3
7254,GPQA,Extended,44
7255,GPQA,Extended,3;11
7256,GPQA,Extended,10;42
7257,GPQA,Extended,45
7258,GPQA,Extended,99
7259,GPQA,Extended,14;15;89
7260,GPQA,Extended,73;90;99
7261,GPQA,Extended,45
7262,GPQA,Extended,42;45;76
7263,GPQA,Extended,34;44
7264,GPQA,Extended,42
7265,GPQA,Extended,42
7266,GPQA,Extended,3
7267,GPQA,Extended,1;2;35
7268,GPQA,Extended,15;25;89
7269,GPQA,Extended,4;76
7270,GPQA,Extended,25
7271,GPQA,Extended,42;45
7272,GPQA,Extended,45
7273,GPQA,Extended,12;20;45
7274,GPQA,Extended,45
7275,GPQA,Extended,3;14;99
7276,GPQA,Extended,34;42
7277,GPQA,Extended,14
7278,GPQA,Extended,42
7279,GPQA,Extended,25
7280,GPQA,Extended,45
7281,GPQA,Extended,45
7282,GPQA,Extended,45
7283,GPQA,Extended,14;25;34
7284,GPQA,Extended,14
7285,GPQA,Extended,25
7286,GPQA,Extended,42
7287,GPQA,Extended,45
7288,GPQA,Extended,42
7289,GPQA,Extended,42
7290,GPQA,Extended,25
7291,GPQA,Extended,25
7292,GPQA,Extended,42
7293,GPQA,Extended,42
7294,GPQA,Extended,42
7295,GPQA,Extended,3;34
7296,GPQA,Extended,45
7297,GPQA,Extended,7;14
7298,GPQA,Extended,15;44
7299,GPQA,Extended,4
7300,GPQA,Extended,45
7301,GPQA,Extended,42
7302,GPQA,Extended,25
7303,GPQA,Extended,44
7304,GPQA,Extended,45
7305,GPQA,Extended,2;25;30
7306,GPQA,Extended,42
7307,GPQA,Extended,42
7308,GPQA,Extended,3;14
7309,GPQA,Extended,14
7310,GPQA,Extended,42
7311,GPQA,Extended,62
7312,GPQA,Extended,25;40;89
7313,GPQA,Extended,42
7314,GPQA,Extended,3
7315,GPQA,Extended,45
7316,GPQA,Extended,44
7317,GPQA,Extended,42
7318,GPQA,Extended,42
7319,GPQA,Extended,42
7320,GPQA,Extended,42;44
7321,GPQA,Extended,45
7322,GPQA,Extended,42
7323,GPQA,Extended,42
7324,GPQA,Extended,45
7325,GPQA,Extended,45
7326,GPQA,Extended,42
7327,GPQA,Extended,45
7328,GPQA,Extended,42
7329,GPQA,Extended,45
7330,GPQA,Extended,45
7331,GPQA,Extended,45
7332,GPQA,Extended,16;17;62
7333,GPQA,Extended,42
7334,GPQA,Extended,42
7335,GPQA,Extended,42
7336,GPQA,Extended,34
7337,GPQA,Extended,25
7338,GPQA,Extended,62
7339,GPQA,Extended,45
7340,GPQA,Extended,20;42
7341,GPQA,Extended,42;64
7342,GPQA,Extended,44
7343,GPQA,Extended,25;89
7344,GPQA,Extended,48;64
7345,GPQA,Extended,14
7346,GPQA,Extended,3
7347,GPQA,Extended,3;64;99
7348,GPQA,Extended,3
7349,GPQA,Extended,3;42
7350,GPQA,Extended,3;25
7351,GPQA,Extended,0;9;14
7352,GPQA,Extended,89
7353,GPQA,Extended,42
7354,GPQA,Extended,44
7355,GPQA,Extended,3
7356,GPQA,Extended,6;15
7357,GPQA,Extended,45
7358,GPQA,Extended,42
7359,GPQA,Extended,42
7360,GPQA,Extended,42;76;95
7361,GPQA,Extended,42
7362,GPQA,Extended,73
7363,GPQA,Extended,45
7364,GPQA,Extended,34
7365,GPQA,Extended,42;44
7366,GPQA,Extended,42;45
7367,GPQA,Extended,42
7368,GPQA,Extended,14;42;98
7369,GPQA,Extended,44
7370,GPQA,Extended,42
7371,GPQA,Extended,40
7372,GPQA,Extended,89
7373,GPQA,Extended,42
7374,GPQA,Extended,4
7375,GPQA,Extended,42
7376,GPQA,Extended,10;20;74
7377,GPQA,Extended,40;42
7378,GPQA,Extended,42
7379,GPQA,Extended,17
7380,GPQA,Extended,42
7381,GPQA,Extended,42
7382,GPQA,Extended,3;20
7383,GPQA,Extended,40;42
7384,GPQA,Extended,25;30
7385,GPQA,Extended,42
7386,GPQA,Extended,30;89
7387,GPQA,Extended,25
7388,GPQA,Extended,3;9
7389,GPQA,Extended,25;40
7390,GPQA,Extended,42
7391,GPQA,Extended,45
7392,GPQA,Extended,44
7393,GPQA,Extended,3
7394,GPQA,Extended,42
7395,GPQA,Extended,42
7396,GPQA,Extended,42
7397,GPQA,Extended,11;90
7398,GPQA,Extended,42
7399,GPQA,Extended,3
7400,GPQA,Extended,40;76
7401,GPQA,Extended,45
7402,GPQA,Extended,14
7403,GPQA,Extended,14
7404,GPQA,Extended,44
7405,GPQA,Extended,42
7406,GPQA,Extended,14
7407,GPQA,Extended,45
7408,GPQA,Extended,4;18;45
7409,GPQA,Extended,10;15;64
7410,GPQA,Extended,12;45;97
7411,GPQA,Extended,62
7412,GPQA,Extended,45
7413,GPQA,Extended,42
7414,GPQA,Extended,25;40;89
7415,GPQA,Extended,45
7416,GPQA,Extended,42
7417,GPQA,Extended,42
7418,GPQA,Extended,3;12;14
7419,GPQA,Extended,25;89
7420,GPQA,Extended,14
7421,GPQA,Extended,25
7422,GPQA,Extended,42
7423,GPQA,Extended,42
7424,GPQA,Extended,3
7425,GPQA,Extended,3
7426,GPQA,Extended,45
7427,GPQA,Extended,42
7428,GPQA,Extended,3
7429,GPQA,Extended,42
7430,GPQA,Extended,89
7431,GPQA,Extended,42
7432,GPQA,Extended,62
7433,GPQA,Extended,15;89
7434,GPQA,Extended,3
7435,GPQA,Extended,44
7436,GPQA,Extended,60;81;98
7437,GPQA,Extended,4
7438,GPQA,Extended,40;42
7439,GPQA,Extended,45
7440,GPQA,Extended,42
7441,GPQA,Extended,20;42
7442,GPQA,Extended,25;30
7443,GPQA,Extended,42
7444,GPQA,Extended,42
7445,GPQA,Extended,14;64
7446,GPQA,Extended,3;77
7447,GPQA,Extended,45
7448,GPQA,Extended,42
7449,GPQA,Extended,3;15;42
7450,GPQA,Extended,12;30
7451,GPQA,Extended,44
7452,GPQA,Extended,42
7453,GPQA,Extended,9;12
7454,GPQA,Extended,64
7455,GPQA,Extended,42
7456,GPQA,Extended,42
7457,GPQA,Extended,3
7458,GPQA,Extended,45
7459,GPQA,Extended,45
7460,GPQA,Extended,42
7461,GPQA,Extended,31;44
7462,GPQA,Extended,3;15;77
7463,GPQA,Extended,3;12;14
7464,GPQA,Extended,14;15
7465,GPQA,Extended,3;40
7466,GPQA,Extended,42
7467,GPQA,Extended,45
7468,GPQA,Extended,42
7469,GPQA,Extended,42
7470,GPQA,Extended,45
7471,GPQA,Extended,42;44;64
7472,GPQA,Extended,3
7473,GPQA,Extended,42
7474,GPQA,Extended,3;99
7475,GPQA,Extended,25;42
7476,GPQA,Extended,3;77
7477,GPQA,Extended,45
7478,GPQA,Extended,40
7479,GPQA,Extended,25;42
7480,GPQA,Extended,25
7481,GPQA,Extended,3;14
7482,GPQA,Extended,40;42
7483,GPQA,Extended,3;6
7484,GPQA,Extended,25
7485,GPQA,Extended,3
7486,GPQA,Extended,14;30
7487,GPQA,Extended,9;14
7488,GPQA,Extended,45
7489,GPQA,Extended,3
7490,GPQA,Extended,6;14;99
7491,GPQA,Extended,12
7492,GPQA,Extended,42
7493,GPQA,Extended,2;44
7494,GPQA,Extended,10;42
7495,GPQA,Extended,3
7496,GPQA,Extended,12;45
7497,GPQA,Extended,14;30
7498,GPQA,Extended,45
7499,GPQA,Extended,25;55
7500,GPQA,Extended,45
7501,GPQA,Extended,3;73
7502,GPQA,Extended,42
7503,GPQA,Extended,3
7504,GPQA,Extended,12;44;45
7505,GPQA,Extended,62
7506,GPQA,Extended,42
7507,GPQA,Extended,25
7508,GPQA,Extended,25;89
7509,GPQA,Extended,25
7510,GPQA,Extended,20;45;52
7511,GPQA,Extended,25;30
7512,GPQA,Extended,62
7513,GPQA,Extended,12;15;18
7514,GPQA,Extended,42
7515,GPQA,Extended,3;64
7516,GPQA,Extended,20;66
7517,GPQA,Extended,42
7518,GPQA,Extended,42
7519,GPQA,Extended,25
7520,GPQA,Extended,12
7521,GPQA,Extended,87
7522,GPQA,Extended,10;42
7523,GPQA,Extended,42
7524,GPQA,Extended,2;42
7525,GPQA,Extended,42;44
7526,GPQA,Extended,12;14
7527,GPQA,Extended,42
7528,GPQA,Extended,42;64
7529,GPQA,Extended,62
7530,GPQA,Extended,42
7531,GPQA,Extended,42
7532,GPQA,Extended,3;17;42
7533,GPQA,Extended,40
7534,GPQA,Extended,42
7535,GPQA,Extended,42
7536,GPQA,Extended,6;11
7537,GPQA,Extended,62
7538,GPQA,Extended,14;52
7539,GPQA,Extended,42
7540,GPQA,Extended,17;42
7541,GPQA,Extended,45
7542,GPQA,Extended,45
7543,GPQA,Extended,42
7544,GPQA,Extended,3
7545,GPQA,Extended,25
7546,GPQA,Extended,42
7547,GPQA,Extended,42
7548,GPQA,Extended,42
7549,GPQA,Extended,14
7550,GPQA,Extended,42;44
7551,GPQA,Extended,42
7552,GPQA,Extended,12;45
7553,GPQA,Extended,12;45
7554,GPQA,Extended,42
7555,GPQA,Extended,42
7556,GPQA,Extended,42
7557,GPQA,Extended,14;25
7558,GPQA,Extended,44
7559,GPQA,Extended,45
7560,GPQA,Extended,42
7561,GPQA,Extended,3;73
7562,GPQA,Extended,42
7563,GPQA,Extended,20;40;42
7564,GPQA,Extended,42
7565,GPQA,Extended,14;62;99
7566,GPQA,Extended,10;42
7567,GPQA,Extended,45
7568,GPQA,Extended,14
7569,GPQA,Extended,45
7570,GPQA,Extended,14
7571,GPQA,Extended,0;4;89
7572,GPQA,Extended,34;40;89
7573,GPQA,Extended,2;44;47
7574,GPQA,Extended,42
7575,GPQA,Extended,42
7576,GPQA,Extended,2;25;89
7577,GPQA,Extended,45
7578,GPQA,Extended,44
7579,GPQA,Extended,42
7580,GPQA,Extended,15;40
7581,GPQA,Extended,42;64
7582,GPQA,Extended,24
7583,GPQA,Extended,45
7584,GPQA,Extended,6;17
7585,GPQA,Extended,36;45
7586,GPQA,Extended,6;35
7587,GPQA,Extended,15;25
7588,GPQA,Extended,45
7589,GPQA,Extended,64;72
7590,GPQA,Extended,45
7591,GPQA,Extended,45;76;98
7592,GPQA,Extended,42
7593,GPQA,Extended,45
7594,GPQA,Extended,14;25
7595,GPQA,Extended,25
7596,GPQA,Extended,42
7597,GPQA,Extended,14;31
7598,GPQA,Extended,12;45
7599,GPQA,Extended,3
7600,GPQA,Extended,4;34
7601,GPQA,Extended,2
7602,GPQA,Extended,45
7603,GPQA,Extended,42
7604,GPQA,Extended,7;12
7605,GPQA,Extended,25
7606,GPQA,Extended,3;64
7607,GPQA,Extended,25;89
7608,GPQA,Extended,45
7609,GPQA,Extended,3
7610,GPQA,Extended,3
7611,GPQA,Extended,2;25;89
7612,GPQA,Extended,3;6
7613,GPQA,Extended,11;89
7614,GPQA,Extended,42
7615,GPQA,Extended,3
7616,GPQA,Extended,14;42
7617,GPQA,Extended,25
7618,GPQA,Extended,25;30
7619,GPQA,Extended,3;11;77
7620,GPQA,Extended,14
7621,GPQA,Extended,12;45
7622,GPQA,Extended,45
7623,GPQA,Extended,32
7624,GPQA,Extended,3
7625,GPQA,Extended,45
7626,GPQA,Extended,3;42
7627,GPQA,Extended,3
7628,GPQA,Extended,42
7629,GPQA,Extended,89
7630,GPQA,Extended,42
7631,GPQA,Extended,44
7632,GPQA,Extended,42
7633,GPQA,Extended,36;45
7634,GPQA,Extended,45
7635,GPQA,Extended,42
7636,GPQA,Extended,14
7637,GPQA,Extended,42
7638,GPQA,Extended,42
7639,GPQA,Extended,3;4;14
7640,GPQA,Extended,42
7641,GPQA,Extended,3
7642,GPQA,Extended,15;31;44
7643,GPQA,Extended,34
7644,GPQA,Extended,25
7645,GPQA,Extended,1;6
7646,GPQA,Extended,42
7647,GPQA,Extended,40;45
7648,GPQA,Extended,34;42
7649,GPQA,Extended,14
7650,GPQA,Extended,42
7651,GPQA,Extended,3;73
7652,GPQA,Extended,42
7653,GPQA,Extended,14
7654,GPQA,Extended,25;30
7655,GPQA,Extended,42
7656,GPQA,Extended,45
7657,GPQA,Extended,42
7658,GPQA,Extended,12;14
7659,GPQA,Extended,45
7660,GPQA,Extended,45;64
7661,GPQA,Extended,45
7662,GPQA,Extended,3
7663,GPQA,Extended,3
7664,GPQA,Extended,14
7665,GPQA,Extended,45
7666,GPQA,Extended,45
7667,GPQA,Extended,25
7668,GPQA,Extended,42
7669,GPQA,Extended,14;42
7670,GPQA,Extended,62
7671,GPQA,Extended,14
7672,GPQA,Extended,45
7673,GPQA,Extended,3
7674,GPQA,Extended,42
7675,GPQA,Extended,42
7676,GPQA,Extended,89
7677,GPQA,Extended,40;42
7678,GPQA,Extended,45
7679,GPQA,Extended,34;42
7680,GPQA,Extended,42
7681,GPQA,Extended,25;89
7682,GPQA,Extended,25
7683,GPQA,Extended,42
7684,GPQA,Extended,3
7685,GPQA,Extended,42
7686,GPQA,Extended,42
7687,GPQA,Extended,62
7688,GPQA,Extended,12
7689,GPQA,Extended,42
7690,GPQA,Extended,44
7691,GPQA,Extended,42
7692,GPQA,Extended,45
7693,GPQA,Extended,42
7694,GPQA,Extended,18;45
7695,GPQA,Extended,25
7696,GPQA,Extended,25;89
7697,GPQA,Extended,44
7698,GPQA,Extended,14;42
7699,GPQA,Extended,62
7700,GPQA,Extended,15;77
7701,GPQA,Extended,40;44
7702,GPQA,Extended,42
7703,GPQA,Extended,25
7704,GPQA,Extended,45
7705,GPQA,Extended,42
7706,GPQA,Extended,42
7707,GPQA,Extended,42
7708,GPQA,Extended,3;14
7709,GPQA,Extended,42
7710,GPQA,Extended,45
7711,GPQA,Extended,3
7712,GPQA,Extended,3;4;22
7713,GPQA,Extended,25
7714,GPQA,Extended,42;44
7715,GPQA,Extended,10;42
7716,GPQA,Extended,40
7717,GPQA,Extended,3;14
7718,GPQA,Extended,40
7719,GPQA,Extended,39;42;44
7720,GPQA,Extended,3
7721,GPQA,Extended,42
7722,GPQA,Extended,45
7723,GPQA,Extended,42;44
7724,GPQA,Extended,1;9;27
7725,GPQA,Extended,15;25
7726,GPQA,Extended,42
7727,GPQA,Extended,20;45
7728,GPQA,Extended,45
7729,GPQA,Extended,14;15
7730,GPQA,Extended,42;64
7731,GPQA,Extended,14
7732,GPQA,Extended,45
7733,GPQA,Extended,42;64
7734,GPQA,Extended,42
7735,GPQA,Extended,42
7736,GPQA,Extended,45;64
7737,GPQA,Extended,14;25;89
7738,GPQA,Extended,25
7739,GPQA,Extended,45
7740,GPQA,Extended,42;78
7741,GPQA,Extended,14;40
7742,GPQA,Extended,14;15
7743,GPQA,Extended,4
7744,GPQA,Extended,42;44
7745,GPQA,Extended,42
7746,GPQA,Extended,42
7747,GPQA,Extended,3;89
7748,GPQA,Extended,45
7749,GPQA,Extended,2;25
7750,GPQA,Extended,42
7751,GPQA,Extended,3
7752,GPQA,Extended,45
7753,GPQA,Extended,14;15
7754,GPQA,Extended,15;25
7755,GPQA,Extended,3;14;72
7756,GPQA,Extended,3;6;40
7757,GPQA,Extended,42
7758,GPQA,Extended,45
7759,GPQA,Extended,25;89
7760,GPQA,Extended,42
7761,GPQA,Extended,3;14
7762,GPQA,Extended,80
7763,GPQA,Extended,87
7764,GPQA,Extended,42
7765,GPQA,Extended,40;45
7766,GPQA,Extended,3
7767,GPQA,Extended,42
7768,GPQA,Extended,39;44;89
7769,GPQA,Extended,45
7770,GPQA,Extended,42
7771,GPQA,Extended,45
7772,GPQA,Extended,25
7773,GPQA,Extended,14;30;42
7774,GPQA,Extended,42
7775,GPQA,Extended,45
7776,GPQA,Extended,45
7777,GPQA,Extended,45
7778,GPQA,Extended,25
7779,GPQA,Extended,11;30;89
7780,GPQA,Extended,34;42;44
7781,GPQA,Extended,2;25
7782,GPQA,Extended,1;12;18
7783,GPQA,Main,45
7784,GPQA,Main,3;15
7785,GPQA,Main,42
7786,GPQA,Main,42
7787,GPQA,Main,4;76
7788,GPQA,Main,2
7789,GPQA,Main,10;42
7790,GPQA,Main,3
7791,GPQA,Main,62
7792,GPQA,Main,42
7793,GPQA,Main,12;45
7794,GPQA,Main,44
7795,GPQA,Main,3
7796,GPQA,Main,3
7797,GPQA,Main,45
7798,GPQA,Main,99
7799,GPQA,Main,14;25;89
7800,GPQA,Main,45
7801,GPQA,Main,34;44
7802,GPQA,Main,42
7803,GPQA,Main,42
7804,GPQA,Main,35;62
7805,GPQA,Main,15;25;89
7806,GPQA,Main,4
7807,GPQA,Main,14;25
7808,GPQA,Main,45
7809,GPQA,Main,45
7810,GPQA,Main,42;76
7811,GPQA,Main,42
7812,GPQA,Main,25
7813,GPQA,Main,42;45
7814,GPQA,Main,45
7815,GPQA,Main,14
7816,GPQA,Main,25
7817,GPQA,Main,42
7818,GPQA,Main,45
7819,GPQA,Main,42
7820,GPQA,Main,42
7821,GPQA,Main,25
7822,GPQA,Main,25
7823,GPQA,Main,42
7824,GPQA,Main,42
7825,GPQA,Main,3;34
7826,GPQA,Main,45
7827,GPQA,Main,14
7828,GPQA,Main,15;44
7829,GPQA,Main,25
7830,GPQA,Main,45
7831,GPQA,Main,2;30;89
7832,GPQA,Main,42
7833,GPQA,Main,42
7834,GPQA,Main,14
7835,GPQA,Main,62
7836,GPQA,Main,42
7837,GPQA,Main,3
7838,GPQA,Main,45
7839,GPQA,Main,40;42;44
7840,GPQA,Main,42
7841,GPQA,Main,42
7842,GPQA,Main,45
7843,GPQA,Main,42
7844,GPQA,Main,45
7845,GPQA,Main,45
7846,GPQA,Main,42
7847,GPQA,Main,9;42
7848,GPQA,Main,45
7849,GPQA,Main,45
7850,GPQA,Main,42
7851,GPQA,Main,42
7852,GPQA,Main,42
7853,GPQA,Main,34
7854,GPQA,Main,45
7855,GPQA,Main,20;89
7856,GPQA,Main,42;64
7857,GPQA,Main,2;40;44
7858,GPQA,Main,6;25;89
7859,GPQA,Main,14
7860,GPQA,Main,3
7861,GPQA,Main,3
7862,GPQA,Main,3;42
7863,GPQA,Main,3;25
7864,GPQA,Main,89
7865,GPQA,Main,42
7866,GPQA,Main,44
7867,GPQA,Main,3
7868,GPQA,Main,3;15;16
7869,GPQA,Main,45
7870,GPQA,Main,42
7871,GPQA,Main,42
7872,GPQA,Main,42
7873,GPQA,Main,73
7874,GPQA,Main,45
7875,GPQA,Main,34
7876,GPQA,Main,42;44
7877,GPQA,Main,42;45
7878,GPQA,Main,42
7879,GPQA,Main,14;42;98
7880,GPQA,Main,39;89
7881,GPQA,Main,42
7882,GPQA,Main,4
7883,GPQA,Main,42
7884,GPQA,Main,10;47;74
7885,GPQA,Main,42
7886,GPQA,Main,42
7887,GPQA,Main,1;3;35
7888,GPQA,Main,42
7889,GPQA,Main,25;30
7890,GPQA,Main,42
7891,GPQA,Main,30;89
7892,GPQA,Main,25
7893,GPQA,Main,3;9
7894,GPQA,Main,25;40
7895,GPQA,Main,42
7896,GPQA,Main,20;45
7897,GPQA,Main,3
7898,GPQA,Main,42
7899,GPQA,Main,42
7900,GPQA,Main,42
7901,GPQA,Main,11;90
7902,GPQA,Main,42;44
7903,GPQA,Main,3
7904,GPQA,Main,12;76
7905,GPQA,Main,45
7906,GPQA,Main,14
7907,GPQA,Main,14
7908,GPQA,Main,44
7909,GPQA,Main,42
7910,GPQA,Main,45
7911,GPQA,Main,4;18
7912,GPQA,Main,15;64
7913,GPQA,Main,12;45
7914,GPQA,Main,62
7915,GPQA,Main,42
7916,GPQA,Main,25;40;89
7917,GPQA,Main,42
7918,GPQA,Main,42
7919,GPQA,Main,3;12;14
7920,GPQA,Main,25;89
7921,GPQA,Main,42
7922,GPQA,Main,42
7923,GPQA,Main,3
7924,GPQA,Main,45
7925,GPQA,Main,42
7926,GPQA,Main,3
7927,GPQA,Main,15;89
7928,GPQA,Main,3;15;89
7929,GPQA,Main,3
7930,GPQA,Main,44
7931,GPQA,Main,42;60
7932,GPQA,Main,4;35
7933,GPQA,Main,40;42
7934,GPQA,Main,45
7935,GPQA,Main,20;42
7936,GPQA,Main,25;30
7937,GPQA,Main,42
7938,GPQA,Main,42
7939,GPQA,Main,14;64
7940,GPQA,Main,45
7941,GPQA,Main,42
7942,GPQA,Main,3;15;42
7943,GPQA,Main,12;14;30
7944,GPQA,Main,44
7945,GPQA,Main,42
7946,GPQA,Main,9;12
7947,GPQA,Main,64
7948,GPQA,Main,42
7949,GPQA,Main,3
7950,GPQA,Main,45
7951,GPQA,Main,31;44
7952,GPQA,Main,3;15;77
7953,GPQA,Main,3;12;14
7954,GPQA,Main,14;15
7955,GPQA,Main,3;15;40
7956,GPQA,Main,42
7957,GPQA,Main,42
7958,GPQA,Main,45
7959,GPQA,Main,44;64
7960,GPQA,Main,3;99
7961,GPQA,Main,25;42
7962,GPQA,Main,40
7963,GPQA,Main,25;42
7964,GPQA,Main,25
7965,GPQA,Main,3;14
7966,GPQA,Main,40;42
7967,GPQA,Main,3;6
7968,GPQA,Main,25
7969,GPQA,Main,3
7970,GPQA,Main,14;30
7971,GPQA,Main,14
7972,GPQA,Main,3
7973,GPQA,Main,42
7974,GPQA,Main,2;44
7975,GPQA,Main,42
7976,GPQA,Main,3
7977,GPQA,Main,45
7978,GPQA,Main,14
7979,GPQA,Main,45
7980,GPQA,Main,25;55
7981,GPQA,Main,45
7982,GPQA,Main,3;73
7983,GPQA,Main,42
7984,GPQA,Main,3
7985,GPQA,Main,44;45
7986,GPQA,Main,15;62
7987,GPQA,Main,42
7988,GPQA,Main,25
7989,GPQA,Main,25;89
7990,GPQA,Main,25;30
7991,GPQA,Main,62
7992,GPQA,Main,12;15;18
7993,GPQA,Main,42
7994,GPQA,Main,66
7995,GPQA,Main,42
7996,GPQA,Main,25
7997,GPQA,Main,12
7998,GPQA,Main,87
7999,GPQA,Main,10;42
8000,GPQA,Main,42
8001,GPQA,Main,2;42
8002,GPQA,Main,42;44
8003,GPQA,Main,12;14
8004,GPQA,Main,42
8005,GPQA,Main,62
8006,GPQA,Main,42
8007,GPQA,Main,3;6;17
8008,GPQA,Main,40
8009,GPQA,Main,42
8010,GPQA,Main,42
8011,GPQA,Main,6;11
8012,GPQA,Main,3;62
8013,GPQA,Main,3;14;52
8014,GPQA,Main,42
8015,GPQA,Main,45
8016,GPQA,Main,45
8017,GPQA,Main,42
8018,GPQA,Main,3
8019,GPQA,Main,25
8020,GPQA,Main,42
8021,GPQA,Main,42
8022,GPQA,Main,42
8023,GPQA,Main,42;44
8024,GPQA,Main,42;44
8025,GPQA,Main,12;45
8026,GPQA,Main,45
8027,GPQA,Main,42
8028,GPQA,Main,42
8029,GPQA,Main,42
8030,GPQA,Main,14;25
8031,GPQA,Main,44
8032,GPQA,Main,45
8033,GPQA,Main,42
8034,GPQA,Main,3;73
8035,GPQA,Main,42
8036,GPQA,Main,20;42
8037,GPQA,Main,42
8038,GPQA,Main,42
8039,GPQA,Main,14;15
8040,GPQA,Main,45
8041,GPQA,Main,42
8042,GPQA,Main,2;44;47
8043,GPQA,Main,42
8044,GPQA,Main,42
8045,GPQA,Main,2;25;89
8046,GPQA,Main,12;45
8047,GPQA,Main,44
8048,GPQA,Main,42
8049,GPQA,Main,15;40
8050,GPQA,Main,42;64
8051,GPQA,Main,12;15;18
8052,GPQA,Main,45
8053,GPQA,Main,15;25
8054,GPQA,Main,45
8055,GPQA,Main,64;72
8056,GPQA,Main,45;98
8057,GPQA,Main,42
8058,GPQA,Main,25
8059,GPQA,Main,42
8060,GPQA,Main,14;31
8061,GPQA,Main,42
8062,GPQA,Main,2
8063,GPQA,Main,45
8064,GPQA,Main,42
8065,GPQA,Main,7;12
8066,GPQA,Main,25
8067,GPQA,Main,3;64
8068,GPQA,Main,25;89
8069,GPQA,Main,45
8070,GPQA,Main,3
8071,GPQA,Main,3
8072,GPQA,Main,2;25;89
8073,GPQA,Main,3;6
8074,GPQA,Main,89
8075,GPQA,Main,42
8076,GPQA,Main,3
8077,GPQA,Main,14;42
8078,GPQA,Main,25
8079,GPQA,Main,25;30
8080,GPQA,Main,3;77
8081,GPQA,Main,45
8082,GPQA,Main,45
8083,GPQA,Main,32
8084,GPQA,Main,3
8085,GPQA,Main,45
8086,GPQA,Main,3
8087,GPQA,Main,42
8088,GPQA,Main,89
8089,GPQA,Main,42
8090,GPQA,Main,44
8091,GPQA,Main,42
8092,GPQA,Main,45
8093,GPQA,Main,45
8094,GPQA,Main,42
8095,GPQA,Main,14
8096,GPQA,Main,42
8097,GPQA,Main,42
8098,GPQA,Main,3;4;14
8099,GPQA,Main,42
8100,GPQA,Main,25
8101,GPQA,Main,6
8102,GPQA,Main,42
8103,GPQA,Main,45
8104,GPQA,Main,34;42
8105,GPQA,Main,14
8106,GPQA,Main,42
8107,GPQA,Main,3;73
8108,GPQA,Main,42
8109,GPQA,Main,25;30
8110,GPQA,Main,6;42
8111,GPQA,Main,45
8112,GPQA,Main,42
8113,GPQA,Main,45
8114,GPQA,Main,3
8115,GPQA,Main,3
8116,GPQA,Main,45
8117,GPQA,Main,45
8118,GPQA,Main,25
8119,GPQA,Main,42
8120,GPQA,Main,62
8121,GPQA,Main,14
8122,GPQA,Main,3
8123,GPQA,Main,42;44
8124,GPQA,Main,42
8125,GPQA,Main,89
8126,GPQA,Main,42
8127,GPQA,Main,45
8128,GPQA,Main,25;34;42
8129,GPQA,Main,42
8130,GPQA,Main,25;89
8131,GPQA,Main,25
8132,GPQA,Main,42
8133,GPQA,Main,3
8134,GPQA,Main,42;45
8135,GPQA,Main,42
8136,GPQA,Main,62
8137,GPQA,Main,42
8138,GPQA,Main,44
8139,GPQA,Main,42
8140,GPQA,Main,45
8141,GPQA,Main,42
8142,GPQA,Main,45
8143,GPQA,Main,17;25
8144,GPQA,Main,25;89
8145,GPQA,Main,44
8146,GPQA,Main,14
8147,GPQA,Main,62
8148,GPQA,Main,15;30;77
8149,GPQA,Main,15;40
8150,GPQA,Main,42
8151,GPQA,Main,25
8152,GPQA,Main,45
8153,GPQA,Main,42
8154,GPQA,Main,42
8155,GPQA,Main,42
8156,GPQA,Main,42
8157,GPQA,Main,45
8158,GPQA,Main,3;4;22
8159,GPQA,Main,42;44
8160,GPQA,Main,10;42
8161,GPQA,Main,40
8162,GPQA,Main,3
8163,GPQA,Main,42
8164,GPQA,Main,45
8165,GPQA,Main,1;9;27
8166,GPQA,Main,25
8167,GPQA,Main,42
8168,GPQA,Main,45
8169,GPQA,Main,45
8170,GPQA,Main,3;14
8171,GPQA,Main,42
8172,GPQA,Main,42
8173,GPQA,Main,42
8174,GPQA,Main,45;64
8175,GPQA,Main,14;25
8176,GPQA,Main,14;40
8177,GPQA,Main,42;44
8178,GPQA,Main,42
8179,GPQA,Main,42
8180,GPQA,Main,2;25
8181,GPQA,Main,42
8182,GPQA,Main,3
8183,GPQA,Main,45
8184,GPQA,Main,14;15
8185,GPQA,Main,15;25
8186,GPQA,Main,3;6;40
8187,GPQA,Main,42
8188,GPQA,Main,45
8189,GPQA,Main,25
8190,GPQA,Main,42
8191,GPQA,Main,3;14
8192,GPQA,Main,80
8193,GPQA,Main,42
8194,GPQA,Main,3
8195,GPQA,Main,42
8196,GPQA,Main,42;44;89
8197,GPQA,Main,45
8198,GPQA,Main,42
8199,GPQA,Main,45
8200,GPQA,Main,25
8201,GPQA,Main,14;30;42
8202,GPQA,Main,42
8203,GPQA,Main,45
8204,GPQA,Main,25
8205,GPQA,Main,11;89
8206,GPQA,Main,42;44
8207,GPQA,Main,2;25
8208,GPQA,Main,1;12;20
8209,GPQA,Main,30;87
8210,GPQA,Main,42;44
8211,GPQA,Main,3
8212,GPQA,Main,42
8213,GPQA,Main,45
8214,GPQA,Main,42;45
8215,GPQA,Main,44
8216,GPQA,Main,42
8217,GPQA,Main,25;30
8218,GPQA,Main,42
8219,GPQA,Main,17;42;44
8220,GPQA,Main,14
8221,GPQA,Main,3
8222,GPQA,Main,3
8223,GPQA,Main,3
8224,GPQA,Main,49
8225,GPQA,Main,40
8226,GPQA,Main,25;89
8227,GPQA,Main,42
8228,GPQA,Main,4;24
8229,GPQA,Main,3
8230,GPQA,Main,4;14;72
8231,IFEval,IFEval,23
8232,IFEval,IFEval,7;41;97
8233,IFEval,IFEval,23;46
8234,IFEval,IFEval,23
8235,IFEval,IFEval,7;23;97
8236,IFEval,IFEval,23
8237,IFEval,IFEval,12;23
8238,IFEval,IFEval,23
8239,IFEval,IFEval,7;8;23
8240,IFEval,IFEval,8;23
8241,IFEval,IFEval,7;71
8242,IFEval,IFEval,21;23
8243,IFEval,IFEval,7;21
8244,IFEval,IFEval,7;23
8245,IFEval,IFEval,7;23;41
8246,IFEval,IFEval,7;23
8247,IFEval,IFEval,23;32
8248,IFEval,IFEval,23;29
8249,IFEval,IFEval,33;97
8250,IFEval,IFEval,21;23
8251,IFEval,IFEval,7;29
8252,IFEval,IFEval,23;88;97
8253,IFEval,IFEval,23
8254,IFEval,IFEval,23;29
8255,IFEval,IFEval,23;41;46
8256,IFEval,IFEval,23;29
8257,IFEval,IFEval,21;23
8258,IFEval,IFEval,23
8259,IFEval,IFEval,8;23;97
8260,IFEval,IFEval,12;23
8261,IFEval,IFEval,23;33
8262,IFEval,IFEval,33;41
8263,IFEval,IFEval,7;29
8264,IFEval,IFEval,23
8265,IFEval,IFEval,23
8266,IFEval,IFEval,23
8267,IFEval,IFEval,7;23
8268,IFEval,IFEval,7
8269,IFEval,IFEval,21;23
8270,IFEval,IFEval,23;97
8271,IFEval,IFEval,7;8
8272,IFEval,IFEval,23;29
8273,IFEval,IFEval,23
8274,IFEval,IFEval,21;23
8275,IFEval,IFEval,23;97
8276,IFEval,IFEval,23;32
8277,IFEval,IFEval,21;23;29
8278,IFEval,IFEval,7;29
8279,IFEval,IFEval,23;29;37
8280,IFEval,IFEval,8
8281,IFEval,IFEval,29;33
8282,IFEval,IFEval,7;8;23
8283,IFEval,IFEval,23;76
8284,IFEval,IFEval,12;23;29
8285,IFEval,IFEval,5
8286,IFEval,IFEval,23
8287,IFEval,IFEval,23
8288,IFEval,IFEval,23;29
8289,IFEval,IFEval,7;23
8290,IFEval,IFEval,23
8291,IFEval,IFEval,23;32
8292,IFEval,IFEval,7;23
8293,IFEval,IFEval,7;23
8294,IFEval,IFEval,5;23
8295,IFEval,IFEval,23
8296,IFEval,IFEval,23;41
8297,IFEval,IFEval,23
8298,IFEval,IFEval,7;23
8299,IFEval,IFEval,7;23
8300,IFEval,IFEval,23;29
8301,IFEval,IFEval,5;21;23
8302,IFEval,IFEval,23;41
8303,IFEval,IFEval,23;50
8304,IFEval,IFEval,28
8305,IFEval,IFEval,7;23
8306,IFEval,IFEval,29
8307,IFEval,IFEval,23;97
8308,IFEval,IFEval,23
8309,IFEval,IFEval,32;63;97
8310,IFEval,IFEval,23
8311,IFEval,IFEval,23;29
8312,IFEval,IFEval,29
8313,IFEval,IFEval,8;23
8314,IFEval,IFEval,7;23
8315,IFEval,IFEval,21;23
8316,IFEval,IFEval,23;29
8317,IFEval,IFEval,21;23
8318,IFEval,IFEval,7;29;33
8319,IFEval,IFEval,23
8320,IFEval,IFEval,23;93
8321,IFEval,IFEval,21;29
8322,IFEval,IFEval,23;29
8323,IFEval,IFEval,23
8324,IFEval,IFEval,7;23;29
8325,IFEval,IFEval,46
8326,IFEval,IFEval,23;54
8327,IFEval,IFEval,23;28
8328,IFEval,IFEval,23;46
8329,IFEval,IFEval,29
8330,IFEval,IFEval,29;32
8331,IFEval,IFEval,21;23;93
8332,IFEval,IFEval,23;46
8333,IFEval,IFEval,23;32
8334,IFEval,IFEval,7;29
8335,IFEval,IFEval,23;29
8336,IFEval,IFEval,7;21
8337,IFEval,IFEval,67
8338,IFEval,IFEval,7;29
8339,IFEval,IFEval,12;13;22
8340,IFEval,IFEval,23;29
8341,IFEval,IFEval,7;23
8342,IFEval,IFEval,23
8343,IFEval,IFEval,23
8344,IFEval,IFEval,23;29
8345,IFEval,IFEval,8;23;83
8346,IFEval,IFEval,23;63
8347,IFEval,IFEval,5;23;41
8348,IFEval,IFEval,21;23;28
8349,IFEval,IFEval,7
8350,IFEval,IFEval,8;29
8351,IFEval,IFEval,7;23;29
8352,IFEval,IFEval,7;23;29
8353,IFEval,IFEval,8;18;23
8354,IFEval,IFEval,23
8355,IFEval,IFEval,76
8356,IFEval,IFEval,8;23
8357,IFEval,IFEval,8;21;23
8358,IFEval,IFEval,8;23
8359,IFEval,IFEval,41;78
8360,IFEval,IFEval,23
8361,IFEval,IFEval,23;33
8362,IFEval,IFEval,7;23;41
8363,IFEval,IFEval,7;41;61
8364,IFEval,IFEval,20;23
8365,IFEval,IFEval,8;23
8366,IFEval,IFEval,23
8367,IFEval,IFEval,8;23
8368,IFEval,IFEval,7;23
8369,IFEval,IFEval,38;84
8370,IFEval,IFEval,0;12
8371,IFEval,IFEval,23;29
8372,IFEval,IFEval,29
8373,IFEval,IFEval,7;29
8374,IFEval,IFEval,23;59
8375,IFEval,IFEval,23;29;41
8376,IFEval,IFEval,46;97
8377,IFEval,IFEval,7;8
8378,IFEval,IFEval,7;23
8379,IFEval,IFEval,21;23;25
8380,IFEval,IFEval,21;23;97
8381,IFEval,IFEval,23;29
8382,IFEval,IFEval,23;97
8383,IFEval,IFEval,23
8384,IFEval,IFEval,12;23
8385,IFEval,IFEval,23;76
8386,IFEval,IFEval,29
8387,IFEval,IFEval,23;32
8388,IFEval,IFEval,23;69
8389,IFEval,IFEval,21
8390,IFEval,IFEval,7;8;23
8391,IFEval,IFEval,7;23
8392,IFEval,IFEval,23;33
8393,IFEval,IFEval,7;29;41
8394,IFEval,IFEval,23;29
8395,IFEval,IFEval,7;29
8396,IFEval,IFEval,7
8397,IFEval,IFEval,8;23;29
8398,IFEval,IFEval,23
8399,IFEval,IFEval,23
8400,IFEval,IFEval,23
8401,IFEval,IFEval,29;97
8402,IFEval,IFEval,8;23
8403,IFEval,IFEval,23
8404,IFEval,IFEval,23
8405,IFEval,IFEval,23
8406,IFEval,IFEval,23;59
8407,IFEval,IFEval,23
8408,IFEval,IFEval,23;46
8409,IFEval,IFEval,23
8410,IFEval,IFEval,21;23
8411,IFEval,IFEval,21;23
8412,IFEval,IFEval,8;23
8413,IFEval,IFEval,7;23
8414,IFEval,IFEval,0;12
8415,IFEval,IFEval,7;23
8416,IFEval,IFEval,21;23;65
8417,IFEval,IFEval,21;23
8418,IFEval,IFEval,23;97
8419,IFEval,IFEval,29
8420,IFEval,IFEval,23;43
8421,IFEval,IFEval,5;45
8422,IFEval,IFEval,23;29
8423,IFEval,IFEval,23;88
8424,IFEval,IFEval,23
8425,IFEval,IFEval,21;23
8426,IFEval,IFEval,8;23;52
8427,IFEval,IFEval,7;21;23
8428,IFEval,IFEval,23;29
8429,IFEval,IFEval,12;21;23
8430,IFEval,IFEval,8;23;71
8431,IFEval,IFEval,7;8;23
8432,IFEval,IFEval,23
8433,IFEval,IFEval,23
8434,IFEval,IFEval,8;23;29
8435,IFEval,IFEval,23;29
8436,IFEval,IFEval,23;29
8437,IFEval,IFEval,7;8;23
8438,IFEval,IFEval,23;53
8439,IFEval,IFEval,23;48
8440,IFEval,IFEval,23
8441,IFEval,IFEval,0;7;23
8442,IFEval,IFEval,23;32
8443,IFEval,IFEval,23;29;41
8444,IFEval,IFEval,5;7;23
8445,IFEval,IFEval,8;29
8446,IFEval,IFEval,23
8447,IFEval,IFEval,7;23
8448,IFEval,IFEval,8;21;41
8449,IFEval,IFEval,7;23
8450,IFEval,IFEval,23
8451,IFEval,IFEval,8;32;33
8452,IFEval,IFEval,7;8;23
8453,IFEval,IFEval,28
8454,IFEval,IFEval,7;23
8455,IFEval,IFEval,7;23;41
8456,IFEval,IFEval,29
8457,IFEval,IFEval,23;43
8458,IFEval,IFEval,7;8;23
8459,IFEval,IFEval,7;23;41
8460,IFEval,IFEval,5;23;41
8461,IFEval,IFEval,23;29;77
8462,IFEval,IFEval,36;74
8463,IFEval,IFEval,21;23
8464,IFEval,IFEval,18;23
8465,IFEval,IFEval,0;27;74
8466,IFEval,IFEval,23
8467,IFEval,IFEval,23
8468,IFEval,IFEval,21;23;41
8469,IFEval,IFEval,29;33
8470,IFEval,IFEval,7;23
8471,IFEval,IFEval,7;23
8472,IFEval,IFEval,23
8473,IFEval,IFEval,29;33
8474,IFEval,IFEval,17
8475,IFEval,IFEval,23;32
8476,IFEval,IFEval,8;23;29
8477,IFEval,IFEval,23;29;32
8478,IFEval,IFEval,21;23
8479,IFEval,IFEval,23
8480,IFEval,IFEval,21;23
8481,IFEval,IFEval,5;23;41
8482,IFEval,IFEval,8;29;51
8483,IFEval,IFEval,21;23;41
8484,IFEval,IFEval,7;8;29
8485,IFEval,IFEval,23;29
8486,IFEval,IFEval,21;23;97
8487,IFEval,IFEval,21;41
8488,IFEval,IFEval,23
8489,IFEval,IFEval,8;23
8490,IFEval,IFEval,97
8491,IFEval,IFEval,23
8492,IFEval,IFEval,23
8493,IFEval,IFEval,23;41
8494,IFEval,IFEval,21;23
8495,IFEval,IFEval,7;23
8496,IFEval,IFEval,7;23;32
8497,IFEval,IFEval,7;23
8498,IFEval,IFEval,33
8499,IFEval,IFEval,7
8500,IFEval,IFEval,23;41
8501,IFEval,IFEval,10;78;92
8502,IFEval,IFEval,21;23
8503,IFEval,IFEval,7;53
8504,IFEval,IFEval,12;23
8505,IFEval,IFEval,23
8506,IFEval,IFEval,8;23;29
8507,IFEval,IFEval,29;41
8508,IFEval,IFEval,7;23;75
8509,IFEval,IFEval,8;23;46
8510,IFEval,IFEval,33;97
8511,IFEval,IFEval,23
8512,IFEval,IFEval,23;29
8513,IFEval,IFEval,29
8514,IFEval,IFEval,23;97
8515,IFEval,IFEval,7;23
8516,IFEval,IFEval,7
8517,IFEval,IFEval,88
8518,IFEval,IFEval,23
8519,IFEval,IFEval,23
8520,IFEval,IFEval,23;46
8521,IFEval,IFEval,23;37
8522,IFEval,IFEval,23;29
8523,IFEval,IFEval,21;23
8524,IFEval,IFEval,7;8;23
8525,IFEval,IFEval,23;33;97
8526,IFEval,IFEval,23
8527,IFEval,IFEval,8;23
8528,IFEval,IFEval,21;23
8529,IFEval,IFEval,23;37
8530,IFEval,IFEval,23
8531,IFEval,IFEval,23;27
8532,IFEval,IFEval,7;23
8533,IFEval,IFEval,18;23
8534,IFEval,IFEval,8;23
8535,IFEval,IFEval,23
8536,IFEval,IFEval,29
8537,IFEval,IFEval,23;46
8538,IFEval,IFEval,7;29
8539,IFEval,IFEval,0;23
8540,IFEval,IFEval,23;29
8541,IFEval,IFEval,23;46;59
8542,IFEval,IFEval,21;23;29
8543,IFEval,IFEval,8;23
8544,IFEval,IFEval,12;23;41
8545,IFEval,IFEval,7;23
8546,IFEval,IFEval,23
8547,IFEval,IFEval,8;23
8548,IFEval,IFEval,23;28
8549,IFEval,IFEval,23;41
8550,IFEval,IFEval,7;29
8551,IFEval,IFEval,23
8552,IFEval,IFEval,7;33;97
8553,IFEval,IFEval,8;23;29
8554,IFEval,IFEval,23
8555,IFEval,IFEval,23;41
8556,IFEval,IFEval,23;46
8557,IFEval,IFEval,23;97
8558,IFEval,IFEval,23;29;37
8559,IFEval,IFEval,7;8;97
8560,IFEval,IFEval,23
8561,IFEval,IFEval,8;23
8562,IFEval,IFEval,21;23
8563,IFEval,IFEval,23;29
8564,IFEval,IFEval,32;47
8565,IFEval,IFEval,8;23
8566,IFEval,IFEval,8;23;78
8567,IFEval,IFEval,8;23
8568,IFEval,IFEval,0;8;23
8569,IFEval,IFEval,23;41
8570,IFEval,IFEval,21;23
8571,IFEval,IFEval,23;32
8572,IFEval,IFEval,7;23
8573,IFEval,IFEval,23;32
8574,IFEval,IFEval,7;23;29
8575,IFEval,IFEval,21;23;51
8576,IFEval,IFEval,23;29
8577,IFEval,IFEval,29
8578,IFEval,IFEval,7;29
8579,IFEval,IFEval,23;29
8580,IFEval,IFEval,7
8581,IFEval,IFEval,29
8582,IFEval,IFEval,7;20;23
8583,IFEval,IFEval,21;23
8584,IFEval,IFEval,21;23;29
8585,IFEval,IFEval,23;29
8586,IFEval,IFEval,23;29
8587,IFEval,IFEval,23;28
8588,IFEval,IFEval,3
8589,IFEval,IFEval,23;76
8590,IFEval,IFEval,23;41
8591,IFEval,IFEval,7;23;29
8592,IFEval,IFEval,8;23
8593,IFEval,IFEval,8;23
8594,IFEval,IFEval,23
8595,IFEval,IFEval,23
8596,IFEval,IFEval,7
8597,IFEval,IFEval,23;29
8598,IFEval,IFEval,21;23
8599,IFEval,IFEval,7;23;97
8600,IFEval,IFEval,7
8601,IFEval,IFEval,7;29;97
8602,IFEval,IFEval,7;8;29
8603,IFEval,IFEval,6;23
8604,IFEval,IFEval,29
8605,IFEval,IFEval,8;21;23
8606,IFEval,IFEval,21;29
8607,IFEval,IFEval,8;23
8608,IFEval,IFEval,8;23;51
8609,IFEval,IFEval,7;29
8610,IFEval,IFEval,21;23
8611,IFEval,IFEval,23
8612,IFEval,IFEval,7;8;23
8613,IFEval,IFEval,7;23
8614,IFEval,IFEval,8;23
8615,IFEval,IFEval,12;21
8616,IFEval,IFEval,23;29;41
8617,IFEval,IFEval,21;23
8618,IFEval,IFEval,23
8619,IFEval,IFEval,23
8620,IFEval,IFEval,21;23
8621,IFEval,IFEval,7;29
8622,IFEval,IFEval,7;23;35
8623,IFEval,IFEval,1;33
8624,IFEval,IFEval,23;41
8625,IFEval,IFEval,7;8;23
8626,IFEval,IFEval,23
8627,IFEval,IFEval,8;23
8628,IFEval,IFEval,8;23
8629,IFEval,IFEval,23;29
8630,IFEval,IFEval,7;23
8631,IFEval,IFEval,23;29
8632,IFEval,IFEval,23;41
8633,IFEval,IFEval,7
8634,IFEval,IFEval,7;33
8635,IFEval,IFEval,7;23
8636,IFEval,IFEval,23
8637,IFEval,IFEval,8;33;97
8638,IFEval,IFEval,23;45
8639,IFEval,IFEval,8;13
8640,IFEval,IFEval,8;23;51
8641,IFEval,IFEval,28
8642,IFEval,IFEval,7;23
8643,IFEval,IFEval,23
8644,IFEval,IFEval,5;23;29
8645,IFEval,IFEval,23;29
8646,IFEval,IFEval,8;23
8647,IFEval,IFEval,23;29
8648,IFEval,IFEval,23
8649,IFEval,IFEval,7;8
8650,IFEval,IFEval,21;41
8651,IFEval,IFEval,23;41
8652,IFEval,IFEval,23;41
8653,IFEval,IFEval,5;23
8654,IFEval,IFEval,7;29;74
8655,IFEval,IFEval,12;22
8656,IFEval,IFEval,21;23;29
8657,IFEval,IFEval,23;29
8658,IFEval,IFEval,23
8659,IFEval,IFEval,32
8660,IFEval,IFEval,23
8661,IFEval,IFEval,23;97
8662,IFEval,IFEval,23;32
8663,IFEval,IFEval,23;46
8664,IFEval,IFEval,7;29
8665,IFEval,IFEval,8;23;52
8666,IFEval,IFEval,8;23;97
8667,IFEval,IFEval,23;29
8668,IFEval,IFEval,23;28
8669,IFEval,IFEval,23;41
8670,IFEval,IFEval,23
8671,IFEval,IFEval,23
8672,IFEval,IFEval,21;23;41
8673,IFEval,IFEval,7;23
8674,IFEval,IFEval,7;8
8675,IFEval,IFEval,8;23;41
8676,IFEval,IFEval,23;61
8677,IFEval,IFEval,21;23;61
8678,IFEval,IFEval,23
8679,IFEval,IFEval,23
8680,IFEval,IFEval,23
8681,IFEval,IFEval,23;54
8682,IFEval,IFEval,21;23
8683,IFEval,IFEval,23;29
8684,IFEval,IFEval,7;29
8685,IFEval,IFEval,21;23;78
8686,IFEval,IFEval,2;17;78
8687,IFEval,IFEval,7;23
8688,IFEval,IFEval,7;23;29
8689,IFEval,IFEval,23;29
8690,IFEval,IFEval,23
8691,IFEval,IFEval,23
8692,IFEval,IFEval,21;23
8693,IFEval,IFEval,7;23;24
8694,IFEval,IFEval,8;48
8695,IFEval,IFEval,8;23
8696,IFEval,IFEval,7;23
8697,IFEval,IFEval,21;51
8698,IFEval,IFEval,23
8699,IFEval,IFEval,23;29;41
8700,IFEval,IFEval,23;29
8701,IFEval,IFEval,23;97
8702,IFEval,IFEval,7;23
8703,IFEval,IFEval,8;21;23
8704,IFEval,IFEval,23
8705,IFEval,IFEval,7;29;32
8706,IFEval,IFEval,23;29
8707,IFEval,IFEval,21;41;61
8708,IFEval,IFEval,23
8709,IFEval,IFEval,23;97
8710,IFEval,IFEval,23;97
8711,IFEval,IFEval,23
8712,IFEval,IFEval,23
8713,IFEval,IFEval,23;46
8714,IFEval,IFEval,8;23
8715,IFEval,IFEval,7;23;29
8716,IFEval,IFEval,8;29
8717,IFEval,IFEval,21;23
8718,IFEval,IFEval,7;23;82
8719,IFEval,IFEval,23;29;32
8720,IFEval,IFEval,5;23;52
8721,IFEval,IFEval,7;60
8722,IFEval,IFEval,7;23
8723,IFEval,IFEval,33
8724,IFEval,IFEval,21;23
8725,IFEval,IFEval,7;23;29
8726,IFEval,IFEval,23;32
8727,IFEval,IFEval,7;23;29
8728,IFEval,IFEval,7;71
8729,IFEval,IFEval,8;23
8730,IFEval,IFEval,21;23;29
8731,IFEval,IFEval,23;32
8732,IFEval,IFEval,23
8733,IFEval,IFEval,23;29
8734,IFEval,IFEval,8;23
8735,IFEval,IFEval,8;23
8736,IFEval,IFEval,23;29;94
8737,IFEval,IFEval,0;96
8738,IFEval,IFEval,23;32
8739,IFEval,IFEval,41;97
8740,IFEval,IFEval,7;23;29
8741,IFEval,IFEval,8;23
8742,IFEval,IFEval,8;23
8743,IFEval,IFEval,23;33
8744,IFEval,IFEval,20;21;82
8745,IFEval,IFEval,7;23
8746,IFEval,IFEval,21;23;41
8747,IFEval,IFEval,23;97
8748,IFEval,IFEval,21;23
8749,IFEval,IFEval,7;23;29
8750,IFEval,IFEval,23
8751,IFEval,IFEval,7;29
8752,IFEval,IFEval,23
8753,IFEval,IFEval,23;29;41
8754,IFEval,IFEval,7;23
8755,IFEval,IFEval,7;23;29
8756,IFEval,IFEval,23;33;97
8757,IFEval,IFEval,23;29;56
8758,IFEval,IFEval,5;23
8759,IFEval,IFEval,7;23
8760,IFEval,IFEval,7;25;29
8761,IFEval,IFEval,1;74
8762,IFEval,IFEval,6;74
8763,IFEval,IFEval,5;12
8764,IFEval,IFEval,7;12;23
8765,IFEval,IFEval,7
8766,IFEval,IFEval,23
8767,MuSR,Murder Mysteries,7
8768,MuSR,Murder Mysteries,7
8769,MuSR,Murder Mysteries,7
8770,MuSR,Murder Mysteries,7
8771,MuSR,Murder Mysteries,7
8772,MuSR,Murder Mysteries,7
8773,MuSR,Murder Mysteries,7
8774,MuSR,Murder Mysteries,0;7
8775,MuSR,Murder Mysteries,7
8776,MuSR,Murder Mysteries,7
8777,MuSR,Murder Mysteries,7
8778,MuSR,Murder Mysteries,7
8779,MuSR,Murder Mysteries,7
8780,MuSR,Murder Mysteries,7
8781,MuSR,Murder Mysteries,0;7
8782,MuSR,Murder Mysteries,7
8783,MuSR,Murder Mysteries,7
8784,MuSR,Murder Mysteries,7
8785,MuSR,Murder Mysteries,7
8786,MuSR,Murder Mysteries,7
8787,MuSR,Murder Mysteries,7
8788,MuSR,Murder Mysteries,7
8789,MuSR,Murder Mysteries,7
8790,MuSR,Murder Mysteries,7
8791,MuSR,Murder Mysteries,7;12
8792,MuSR,Murder Mysteries,7
8793,MuSR,Murder Mysteries,7
8794,MuSR,Murder Mysteries,7
8795,MuSR,Murder Mysteries,7
8796,MuSR,Murder Mysteries,7
8797,MuSR,Murder Mysteries,7
8798,MuSR,Murder Mysteries,7
8799,MuSR,Murder Mysteries,7
8800,MuSR,Murder Mysteries,7
8801,MuSR,Murder Mysteries,7
8802,MuSR,Murder Mysteries,0;7
8803,MuSR,Murder Mysteries,7
8804,MuSR,Murder Mysteries,7
8805,MuSR,Murder Mysteries,7
8806,MuSR,Murder Mysteries,7
8807,MuSR,Murder Mysteries,7
8808,MuSR,Murder Mysteries,7
8809,MuSR,Murder Mysteries,7
8810,MuSR,Murder Mysteries,7
8811,MuSR,Murder Mysteries,7
8812,MuSR,Murder Mysteries,7
8813,MuSR,Murder Mysteries,7
8814,MuSR,Murder Mysteries,7
8815,MuSR,Murder Mysteries,0;7
8816,MuSR,Murder Mysteries,7
8817,MuSR,Murder Mysteries,0;7
8818,MuSR,Murder Mysteries,7
8819,MuSR,Murder Mysteries,7
8820,MuSR,Murder Mysteries,7
8821,MuSR,Murder Mysteries,7
8822,MuSR,Murder Mysteries,7
8823,MuSR,Murder Mysteries,7
8824,MuSR,Murder Mysteries,7
8825,MuSR,Murder Mysteries,7
8826,MuSR,Murder Mysteries,7
8827,MuSR,Murder Mysteries,7
8828,MuSR,Murder Mysteries,7;97
8829,MuSR,Murder Mysteries,7
8830,MuSR,Murder Mysteries,7
8831,MuSR,Murder Mysteries,7
8832,MuSR,Murder Mysteries,7
8833,MuSR,Murder Mysteries,7
8834,MuSR,Murder Mysteries,0;7
8835,MuSR,Murder Mysteries,7
8836,MuSR,Murder Mysteries,7
8837,MuSR,Murder Mysteries,7
8838,MuSR,Murder Mysteries,7
8839,MuSR,Murder Mysteries,7
8840,MuSR,Murder Mysteries,7
8841,MuSR,Murder Mysteries,7
8842,MuSR,Murder Mysteries,7
8843,MuSR,Murder Mysteries,7
8844,MuSR,Murder Mysteries,7
8845,MuSR,Murder Mysteries,7
8846,MuSR,Murder Mysteries,7
8847,MuSR,Murder Mysteries,7
8848,MuSR,Murder Mysteries,7
8849,MuSR,Murder Mysteries,7
8850,MuSR,Murder Mysteries,7;12
8851,MuSR,Murder Mysteries,7
8852,MuSR,Murder Mysteries,7
8853,MuSR,Murder Mysteries,7
8854,MuSR,Murder Mysteries,7
8855,MuSR,Murder Mysteries,7
8856,MuSR,Murder Mysteries,7
8857,MuSR,Murder Mysteries,7
8858,MuSR,Murder Mysteries,7
8859,MuSR,Murder Mysteries,7
8860,MuSR,Murder Mysteries,7
8861,MuSR,Murder Mysteries,7
8862,MuSR,Murder Mysteries,7
8863,MuSR,Murder Mysteries,7
8864,MuSR,Murder Mysteries,7
8865,MuSR,Murder Mysteries,7
8866,MuSR,Murder Mysteries,7
8867,MuSR,Murder Mysteries,7
8868,MuSR,Murder Mysteries,7
8869,MuSR,Murder Mysteries,7
8870,MuSR,Murder Mysteries,7
8871,MuSR,Murder Mysteries,7;12
8872,MuSR,Murder Mysteries,7
8873,MuSR,Murder Mysteries,7
8874,MuSR,Murder Mysteries,0;7
8875,MuSR,Murder Mysteries,7
8876,MuSR,Murder Mysteries,7
8877,MuSR,Murder Mysteries,7
8878,MuSR,Murder Mysteries,7
8879,MuSR,Murder Mysteries,7
8880,MuSR,Murder Mysteries,7
8881,MuSR,Murder Mysteries,7
8882,MuSR,Murder Mysteries,7
8883,MuSR,Murder Mysteries,7
8884,MuSR,Murder Mysteries,0;7
8885,MuSR,Murder Mysteries,7
8886,MuSR,Murder Mysteries,7
8887,MuSR,Murder Mysteries,0;7
8888,MuSR,Murder Mysteries,7;97
8889,MuSR,Murder Mysteries,7
8890,MuSR,Murder Mysteries,7
8891,MuSR,Murder Mysteries,7
8892,MuSR,Murder Mysteries,7
8893,MuSR,Murder Mysteries,7
8894,MuSR,Murder Mysteries,7
8895,MuSR,Murder Mysteries,7
8896,MuSR,Murder Mysteries,7
8897,MuSR,Murder Mysteries,7
8898,MuSR,Murder Mysteries,7
8899,MuSR,Murder Mysteries,0;7
8900,MuSR,Murder Mysteries,7
8901,MuSR,Murder Mysteries,7
8902,MuSR,Murder Mysteries,7
8903,MuSR,Murder Mysteries,7
8904,MuSR,Murder Mysteries,7
8905,MuSR,Murder Mysteries,7
8906,MuSR,Murder Mysteries,7
8907,MuSR,Murder Mysteries,7
8908,MuSR,Murder Mysteries,0;7
8909,MuSR,Murder Mysteries,7
8910,MuSR,Murder Mysteries,0;7
8911,MuSR,Murder Mysteries,7
8912,MuSR,Murder Mysteries,7
8913,MuSR,Murder Mysteries,7
8914,MuSR,Murder Mysteries,7
8915,MuSR,Murder Mysteries,7
8916,MuSR,Murder Mysteries,7
8917,MuSR,Murder Mysteries,7
8918,MuSR,Murder Mysteries,7
8919,MuSR,Murder Mysteries,7
8920,MuSR,Murder Mysteries,7
8921,MuSR,Murder Mysteries,7
8922,MuSR,Murder Mysteries,7
8923,MuSR,Murder Mysteries,7
8924,MuSR,Murder Mysteries,7
8925,MuSR,Murder Mysteries,7
8926,MuSR,Murder Mysteries,7
8927,MuSR,Murder Mysteries,7
8928,MuSR,Murder Mysteries,7
8929,MuSR,Murder Mysteries,7
8930,MuSR,Murder Mysteries,7
8931,MuSR,Murder Mysteries,7;97
8932,MuSR,Murder Mysteries,7
8933,MuSR,Murder Mysteries,7
8934,MuSR,Murder Mysteries,7;22
8935,MuSR,Murder Mysteries,7
8936,MuSR,Murder Mysteries,7
8937,MuSR,Murder Mysteries,7
8938,MuSR,Murder Mysteries,7
8939,MuSR,Murder Mysteries,7
8940,MuSR,Murder Mysteries,7
8941,MuSR,Murder Mysteries,0;7
8942,MuSR,Murder Mysteries,7
8943,MuSR,Murder Mysteries,7
8944,MuSR,Murder Mysteries,7
8945,MuSR,Murder Mysteries,7
8946,MuSR,Murder Mysteries,7
8947,MuSR,Murder Mysteries,0;7
8948,MuSR,Murder Mysteries,7
8949,MuSR,Murder Mysteries,7
8950,MuSR,Murder Mysteries,7
8951,MuSR,Murder Mysteries,7
8952,MuSR,Murder Mysteries,7
8953,MuSR,Murder Mysteries,7
8954,MuSR,Murder Mysteries,7
8955,MuSR,Murder Mysteries,7
8956,MuSR,Murder Mysteries,7
8957,MuSR,Murder Mysteries,7
8958,MuSR,Murder Mysteries,7
8959,MuSR,Murder Mysteries,7
8960,MuSR,Murder Mysteries,7
8961,MuSR,Murder Mysteries,7
8962,MuSR,Murder Mysteries,7
8963,MuSR,Murder Mysteries,7
8964,MuSR,Murder Mysteries,7
8965,MuSR,Murder Mysteries,0;7
8966,MuSR,Murder Mysteries,7
8967,MuSR,Murder Mysteries,7
8968,MuSR,Murder Mysteries,7
8969,MuSR,Murder Mysteries,7
8970,MuSR,Murder Mysteries,7
8971,MuSR,Murder Mysteries,7
8972,MuSR,Murder Mysteries,0;7;20
8973,MuSR,Murder Mysteries,7
8974,MuSR,Murder Mysteries,7
8975,MuSR,Murder Mysteries,7
8976,MuSR,Murder Mysteries,0;7
8977,MuSR,Murder Mysteries,0;7
8978,MuSR,Murder Mysteries,7
8979,MuSR,Murder Mysteries,7;97
8980,MuSR,Murder Mysteries,7
8981,MuSR,Murder Mysteries,7
8982,MuSR,Murder Mysteries,7
8983,MuSR,Murder Mysteries,7
8984,MuSR,Murder Mysteries,7
8985,MuSR,Murder Mysteries,7
8986,MuSR,Murder Mysteries,7
8987,MuSR,Murder Mysteries,7
8988,MuSR,Murder Mysteries,7
8989,MuSR,Murder Mysteries,0;7
8990,MuSR,Murder Mysteries,7
8991,MuSR,Murder Mysteries,0;7
8992,MuSR,Murder Mysteries,7
8993,MuSR,Murder Mysteries,7
8994,MuSR,Murder Mysteries,7
8995,MuSR,Murder Mysteries,0;7
8996,MuSR,Murder Mysteries,7
8997,MuSR,Murder Mysteries,7
8998,MuSR,Murder Mysteries,7
8999,MuSR,Murder Mysteries,7
9000,MuSR,Murder Mysteries,7
9001,MuSR,Murder Mysteries,7
9002,MuSR,Murder Mysteries,7
9003,MuSR,Murder Mysteries,7;97
9004,MuSR,Murder Mysteries,7
9005,MuSR,Murder Mysteries,7
9006,MuSR,Murder Mysteries,7
9007,MuSR,Murder Mysteries,7
9008,MuSR,Murder Mysteries,7
9009,MuSR,Murder Mysteries,7
9010,MuSR,Murder Mysteries,7
9011,MuSR,Murder Mysteries,7
9012,MuSR,Murder Mysteries,7
9013,MuSR,Murder Mysteries,7
9014,MuSR,Murder Mysteries,7
9015,MuSR,Murder Mysteries,0;7
9016,MuSR,Murder Mysteries,7;97
9017,MuSR,Object Placements,20
9018,MuSR,Object Placements,7;12;20
9019,MuSR,Object Placements,20
9020,MuSR,Object Placements,7;20
9021,MuSR,Object Placements,20;81
9022,MuSR,Object Placements,7;20
9023,MuSR,Object Placements,7;20
9024,MuSR,Object Placements,7;20
9025,MuSR,Object Placements,7;20
9026,MuSR,Object Placements,7;20
9027,MuSR,Object Placements,7;20
9028,MuSR,Object Placements,7;20
9029,MuSR,Object Placements,20
9030,MuSR,Object Placements,7;20
9031,MuSR,Object Placements,7;20
9032,MuSR,Object Placements,20
9033,MuSR,Object Placements,7;20
9034,MuSR,Object Placements,20
9035,MuSR,Object Placements,20
9036,MuSR,Object Placements,20
9037,MuSR,Object Placements,20
9038,MuSR,Object Placements,20
9039,MuSR,Object Placements,7;20
9040,MuSR,Object Placements,20
9041,MuSR,Object Placements,20
9042,MuSR,Object Placements,7;20
9043,MuSR,Object Placements,7;20
9044,MuSR,Object Placements,7;20
9045,MuSR,Object Placements,20
9046,MuSR,Object Placements,7;20
9047,MuSR,Object Placements,20
9048,MuSR,Object Placements,20
9049,MuSR,Object Placements,20
9050,MuSR,Object Placements,20
9051,MuSR,Object Placements,20
9052,MuSR,Object Placements,20
9053,MuSR,Object Placements,7;20
9054,MuSR,Object Placements,20
9055,MuSR,Object Placements,7;20
9056,MuSR,Object Placements,7;20
9057,MuSR,Object Placements,20
9058,MuSR,Object Placements,7;20
9059,MuSR,Object Placements,7;20
9060,MuSR,Object Placements,20
9061,MuSR,Object Placements,20
9062,MuSR,Object Placements,20
9063,MuSR,Object Placements,20
9064,MuSR,Object Placements,20
9065,MuSR,Object Placements,7;12;20
9066,MuSR,Object Placements,7;12;20
9067,MuSR,Object Placements,7;12;20
9068,MuSR,Object Placements,7;20
9069,MuSR,Object Placements,20
9070,MuSR,Object Placements,7;20
9071,MuSR,Object Placements,7;20
9072,MuSR,Object Placements,20
9073,MuSR,Object Placements,20
9074,MuSR,Object Placements,7;20
9075,MuSR,Object Placements,7;20
9076,MuSR,Object Placements,7;20
9077,MuSR,Object Placements,20
9078,MuSR,Object Placements,20;47
9079,MuSR,Object Placements,20
9080,MuSR,Object Placements,20
9081,MuSR,Object Placements,20
9082,MuSR,Object Placements,7;20
9083,MuSR,Object Placements,7;20
9084,MuSR,Object Placements,7;20
9085,MuSR,Object Placements,20
9086,MuSR,Object Placements,7;20
9087,MuSR,Object Placements,7;20
9088,MuSR,Object Placements,7;20
9089,MuSR,Object Placements,7;20
9090,MuSR,Object Placements,7;20
9091,MuSR,Object Placements,7;20
9092,MuSR,Object Placements,7;20
9093,MuSR,Object Placements,7;20
9094,MuSR,Object Placements,20
9095,MuSR,Object Placements,7;20
9096,MuSR,Object Placements,7;20
9097,MuSR,Object Placements,7;20
9098,MuSR,Object Placements,20
9099,MuSR,Object Placements,20
9100,MuSR,Object Placements,20
9101,MuSR,Object Placements,20
9102,MuSR,Object Placements,20
9103,MuSR,Object Placements,20
9104,MuSR,Object Placements,20
9105,MuSR,Object Placements,7;20
9106,MuSR,Object Placements,20
9107,MuSR,Object Placements,7;20
9108,MuSR,Object Placements,20
9109,MuSR,Object Placements,7;20
9110,MuSR,Object Placements,20
9111,MuSR,Object Placements,7;20
9112,MuSR,Object Placements,20
9113,MuSR,Object Placements,20;97
9114,MuSR,Object Placements,20
9115,MuSR,Object Placements,7;20
9116,MuSR,Object Placements,20;76
9117,MuSR,Object Placements,20
9118,MuSR,Object Placements,20
9119,MuSR,Object Placements,20
9120,MuSR,Object Placements,20
9121,MuSR,Object Placements,7;20;81
9122,MuSR,Object Placements,7;20;81
9123,MuSR,Object Placements,20
9124,MuSR,Object Placements,20;81
9125,MuSR,Object Placements,20
9126,MuSR,Object Placements,20
9127,MuSR,Object Placements,20
9128,MuSR,Object Placements,20
9129,MuSR,Object Placements,7;20
9130,MuSR,Object Placements,20
9131,MuSR,Object Placements,20
9132,MuSR,Object Placements,20
9133,MuSR,Object Placements,7;20
9134,MuSR,Object Placements,20;47
9135,MuSR,Object Placements,7;20
9136,MuSR,Object Placements,20
9137,MuSR,Object Placements,20
9138,MuSR,Object Placements,20
9139,MuSR,Object Placements,20
9140,MuSR,Object Placements,20
9141,MuSR,Object Placements,7;20
9142,MuSR,Object Placements,20
9143,MuSR,Object Placements,12;20
9144,MuSR,Object Placements,20
9145,MuSR,Object Placements,7;20
9146,MuSR,Object Placements,7;20
9147,MuSR,Object Placements,7;20
9148,MuSR,Object Placements,7;20
9149,MuSR,Object Placements,7;20
9150,MuSR,Object Placements,7;20
9151,MuSR,Object Placements,7;20
9152,MuSR,Object Placements,7;20
9153,MuSR,Object Placements,7;20
9154,MuSR,Object Placements,20
9155,MuSR,Object Placements,20
9156,MuSR,Object Placements,20
9157,MuSR,Object Placements,20;81
9158,MuSR,Object Placements,20
9159,MuSR,Object Placements,20
9160,MuSR,Object Placements,20
9161,MuSR,Object Placements,7;20
9162,MuSR,Object Placements,7;20
9163,MuSR,Object Placements,7;20
9164,MuSR,Object Placements,7;20
9165,MuSR,Object Placements,20
9166,MuSR,Object Placements,20
9167,MuSR,Object Placements,20
9168,MuSR,Object Placements,20
9169,MuSR,Object Placements,7;20
9170,MuSR,Object Placements,7;20
9171,MuSR,Object Placements,7;20
9172,MuSR,Object Placements,7;20
9173,MuSR,Object Placements,20
9174,MuSR,Object Placements,7;20
9175,MuSR,Object Placements,7;20
9176,MuSR,Object Placements,20
9177,MuSR,Object Placements,20;81
9178,MuSR,Object Placements,7;20
9179,MuSR,Object Placements,7;20
9180,MuSR,Object Placements,20;81
9181,MuSR,Object Placements,7;20
9182,MuSR,Object Placements,20
9183,MuSR,Object Placements,7;20
9184,MuSR,Object Placements,20
9185,MuSR,Object Placements,20
9186,MuSR,Object Placements,20;81
9187,MuSR,Object Placements,20
9188,MuSR,Object Placements,7;20
9189,MuSR,Object Placements,5;20
9190,MuSR,Object Placements,20
9191,MuSR,Object Placements,5;20
9192,MuSR,Object Placements,20
9193,MuSR,Object Placements,20
9194,MuSR,Object Placements,7;20
9195,MuSR,Object Placements,20
9196,MuSR,Object Placements,20
9197,MuSR,Object Placements,20
9198,MuSR,Object Placements,20
9199,MuSR,Object Placements,20
9200,MuSR,Object Placements,7;20
9201,MuSR,Object Placements,20
9202,MuSR,Object Placements,7;20
9203,MuSR,Object Placements,7;20
9204,MuSR,Object Placements,20
9205,MuSR,Object Placements,20
9206,MuSR,Object Placements,20
9207,MuSR,Object Placements,20
9208,MuSR,Object Placements,20
9209,MuSR,Object Placements,20
9210,MuSR,Object Placements,20
9211,MuSR,Object Placements,20
9212,MuSR,Object Placements,20
9213,MuSR,Object Placements,20
9214,MuSR,Object Placements,20
9215,MuSR,Object Placements,20
9216,MuSR,Object Placements,20
9217,MuSR,Object Placements,20
9218,MuSR,Object Placements,20
9219,MuSR,Object Placements,20
9220,MuSR,Object Placements,20
9221,MuSR,Object Placements,20
9222,MuSR,Object Placements,20
9223,MuSR,Object Placements,20
9224,MuSR,Object Placements,20
9225,MuSR,Object Placements,20;81
9226,MuSR,Object Placements,20
9227,MuSR,Object Placements,20
9228,MuSR,Object Placements,7;20
9229,MuSR,Object Placements,7;20
9230,MuSR,Object Placements,7;20
9231,MuSR,Object Placements,7;20
9232,MuSR,Object Placements,7;20
9233,MuSR,Object Placements,7;20
9234,MuSR,Object Placements,20
9235,MuSR,Object Placements,20
9236,MuSR,Object Placements,20
9237,MuSR,Object Placements,20
9238,MuSR,Object Placements,7;20
9239,MuSR,Object Placements,20
9240,MuSR,Object Placements,20
9241,MuSR,Object Placements,7;20
9242,MuSR,Object Placements,7;20
9243,MuSR,Object Placements,20
9244,MuSR,Object Placements,7;20
9245,MuSR,Object Placements,20;47
9246,MuSR,Object Placements,20
9247,MuSR,Object Placements,20
9248,MuSR,Object Placements,20
9249,MuSR,Object Placements,20
9250,MuSR,Object Placements,7;20
9251,MuSR,Object Placements,20
9252,MuSR,Object Placements,20
9253,MuSR,Object Placements,7;20
9254,MuSR,Object Placements,7;20
9255,MuSR,Object Placements,7;20
9256,MuSR,Object Placements,7;20
9257,MuSR,Object Placements,20
9258,MuSR,Object Placements,7;20
9259,MuSR,Object Placements,20
9260,MuSR,Object Placements,7;20
9261,MuSR,Object Placements,7;20
9262,MuSR,Object Placements,7;20
9263,MuSR,Object Placements,7;20
9264,MuSR,Object Placements,20
9265,MuSR,Object Placements,20
9266,MuSR,Object Placements,20
9267,MuSR,Object Placements,20
9268,MuSR,Object Placements,20
9269,MuSR,Object Placements,20
9270,MuSR,Object Placements,20
9271,MuSR,Object Placements,7;20;81
9272,MuSR,Object Placements,20;81
9273,MuSR,Team Allocation,5
9274,MuSR,Team Allocation,5
9275,MuSR,Team Allocation,5
9276,MuSR,Team Allocation,5
9277,MuSR,Team Allocation,5
9278,MuSR,Team Allocation,5
9279,MuSR,Team Allocation,5
9280,MuSR,Team Allocation,5
9281,MuSR,Team Allocation,5
9282,MuSR,Team Allocation,5;76
9283,MuSR,Team Allocation,5
9284,MuSR,Team Allocation,5;76
9285,MuSR,Team Allocation,5
9286,MuSR,Team Allocation,5
9287,MuSR,Team Allocation,5
9288,MuSR,Team Allocation,5
9289,MuSR,Team Allocation,5
9290,MuSR,Team Allocation,5
9291,MuSR,Team Allocation,5;21
9292,MuSR,Team Allocation,5
9293,MuSR,Team Allocation,5
9294,MuSR,Team Allocation,5
9295,MuSR,Team Allocation,5
9296,MuSR,Team Allocation,5
9297,MuSR,Team Allocation,5
9298,MuSR,Team Allocation,5
9299,MuSR,Team Allocation,5
9300,MuSR,Team Allocation,5
9301,MuSR,Team Allocation,5
9302,MuSR,Team Allocation,5
9303,MuSR,Team Allocation,5;96
9304,MuSR,Team Allocation,5
9305,MuSR,Team Allocation,5
9306,MuSR,Team Allocation,5
9307,MuSR,Team Allocation,5
9308,MuSR,Team Allocation,5
9309,MuSR,Team Allocation,5
9310,MuSR,Team Allocation,5
9311,MuSR,Team Allocation,5;41
9312,MuSR,Team Allocation,0;5
9313,MuSR,Team Allocation,5
9314,MuSR,Team Allocation,5
9315,MuSR,Team Allocation,5
9316,MuSR,Team Allocation,5
9317,MuSR,Team Allocation,5
9318,MuSR,Team Allocation,5
9319,MuSR,Team Allocation,5
9320,MuSR,Team Allocation,5
9321,MuSR,Team Allocation,5
9322,MuSR,Team Allocation,5
9323,MuSR,Team Allocation,5
9324,MuSR,Team Allocation,5
9325,MuSR,Team Allocation,5
9326,MuSR,Team Allocation,5
9327,MuSR,Team Allocation,5
9328,MuSR,Team Allocation,5
9329,MuSR,Team Allocation,5
9330,MuSR,Team Allocation,5
9331,MuSR,Team Allocation,5;79
9332,MuSR,Team Allocation,5;12
9333,MuSR,Team Allocation,5;7
9334,MuSR,Team Allocation,5
9335,MuSR,Team Allocation,5
9336,MuSR,Team Allocation,5
9337,MuSR,Team Allocation,5
9338,MuSR,Team Allocation,0;5
9339,MuSR,Team Allocation,5
9340,MuSR,Team Allocation,5
9341,MuSR,Team Allocation,5
9342,MuSR,Team Allocation,5
9343,MuSR,Team Allocation,5
9344,MuSR,Team Allocation,5
9345,MuSR,Team Allocation,5
9346,MuSR,Team Allocation,5;76
9347,MuSR,Team Allocation,5
9348,MuSR,Team Allocation,5
9349,MuSR,Team Allocation,5
9350,MuSR,Team Allocation,5
9351,MuSR,Team Allocation,5
9352,MuSR,Team Allocation,5
9353,MuSR,Team Allocation,5
9354,MuSR,Team Allocation,5;12
9355,MuSR,Team Allocation,5
9356,MuSR,Team Allocation,5
9357,MuSR,Team Allocation,5
9358,MuSR,Team Allocation,5
9359,MuSR,Team Allocation,5
9360,MuSR,Team Allocation,5
9361,MuSR,Team Allocation,5
9362,MuSR,Team Allocation,5
9363,MuSR,Team Allocation,5
9364,MuSR,Team Allocation,0;5
9365,MuSR,Team Allocation,5
9366,MuSR,Team Allocation,5
9367,MuSR,Team Allocation,7
9368,MuSR,Team Allocation,5
9369,MuSR,Team Allocation,5
9370,MuSR,Team Allocation,5
9371,MuSR,Team Allocation,5;21
9372,MuSR,Team Allocation,5
9373,MuSR,Team Allocation,5;12
9374,MuSR,Team Allocation,7
9375,MuSR,Team Allocation,5
9376,MuSR,Team Allocation,5
9377,MuSR,Team Allocation,5
9378,MuSR,Team Allocation,5
9379,MuSR,Team Allocation,5;26
9380,MuSR,Team Allocation,5
9381,MuSR,Team Allocation,5
9382,MuSR,Team Allocation,5
9383,MuSR,Team Allocation,5
9384,MuSR,Team Allocation,5
9385,MuSR,Team Allocation,5
9386,MuSR,Team Allocation,5
9387,MuSR,Team Allocation,5
9388,MuSR,Team Allocation,5
9389,MuSR,Team Allocation,5
9390,MuSR,Team Allocation,5
9391,MuSR,Team Allocation,5
9392,MuSR,Team Allocation,5
9393,MuSR,Team Allocation,5;76
9394,MuSR,Team Allocation,5
9395,MuSR,Team Allocation,5
9396,MuSR,Team Allocation,5
9397,MuSR,Team Allocation,5
9398,MuSR,Team Allocation,5;12
9399,MuSR,Team Allocation,5
9400,MuSR,Team Allocation,5
9401,MuSR,Team Allocation,0;5
9402,MuSR,Team Allocation,5;41
9403,MuSR,Team Allocation,5
9404,MuSR,Team Allocation,5
9405,MuSR,Team Allocation,7;23
9406,MuSR,Team Allocation,5
9407,MuSR,Team Allocation,5
9408,MuSR,Team Allocation,5
9409,MuSR,Team Allocation,5
9410,MuSR,Team Allocation,5
9411,MuSR,Team Allocation,5
9412,MuSR,Team Allocation,5
9413,MuSR,Team Allocation,5
9414,MuSR,Team Allocation,5
9415,MuSR,Team Allocation,5
9416,MuSR,Team Allocation,5
9417,MuSR,Team Allocation,5
9418,MuSR,Team Allocation,5
9419,MuSR,Team Allocation,5
9420,MuSR,Team Allocation,5
9421,MuSR,Team Allocation,5
9422,MuSR,Team Allocation,5
9423,MuSR,Team Allocation,5
9424,MuSR,Team Allocation,5
9425,MuSR,Team Allocation,5;12
9426,MuSR,Team Allocation,5
9427,MuSR,Team Allocation,5
9428,MuSR,Team Allocation,5
9429,MuSR,Team Allocation,5;76
9430,MuSR,Team Allocation,5
9431,MuSR,Team Allocation,5
9432,MuSR,Team Allocation,5
9433,MuSR,Team Allocation,5
9434,MuSR,Team Allocation,5
9435,MuSR,Team Allocation,5
9436,MuSR,Team Allocation,5
9437,MuSR,Team Allocation,5
9438,MuSR,Team Allocation,5
9439,MuSR,Team Allocation,0;5
9440,MuSR,Team Allocation,5;22
9441,MuSR,Team Allocation,5
9442,MuSR,Team Allocation,5
9443,MuSR,Team Allocation,5
9444,MuSR,Team Allocation,5
9445,MuSR,Team Allocation,5
9446,MuSR,Team Allocation,5
9447,MuSR,Team Allocation,5
9448,MuSR,Team Allocation,5
9449,MuSR,Team Allocation,5
9450,MuSR,Team Allocation,5
9451,MuSR,Team Allocation,5;13
9452,MuSR,Team Allocation,5
9453,MuSR,Team Allocation,5
9454,MuSR,Team Allocation,5
9455,MuSR,Team Allocation,5
9456,MuSR,Team Allocation,5
9457,MuSR,Team Allocation,5
9458,MuSR,Team Allocation,5
9459,MuSR,Team Allocation,5
9460,MuSR,Team Allocation,5;12
9461,MuSR,Team Allocation,5
9462,MuSR,Team Allocation,5
9463,MuSR,Team Allocation,5
9464,MuSR,Team Allocation,5
9465,MuSR,Team Allocation,5
9466,MuSR,Team Allocation,5
9467,MuSR,Team Allocation,5;7
9468,MuSR,Team Allocation,5
9469,MuSR,Team Allocation,5
9470,MuSR,Team Allocation,5
9471,MuSR,Team Allocation,5
9472,MuSR,Team Allocation,5
9473,MuSR,Team Allocation,5
9474,MuSR,Team Allocation,5
9475,MuSR,Team Allocation,5
9476,MuSR,Team Allocation,5
9477,MuSR,Team Allocation,5
9478,MuSR,Team Allocation,5
9479,MuSR,Team Allocation,5
9480,MuSR,Team Allocation,5
9481,MuSR,Team Allocation,5
9482,MuSR,Team Allocation,5
9483,MuSR,Team Allocation,5
9484,MuSR,Team Allocation,5
9485,MuSR,Team Allocation,5
9486,MuSR,Team Allocation,5
9487,MuSR,Team Allocation,5
9488,MuSR,Team Allocation,5
9489,MuSR,Team Allocation,5
9490,MuSR,Team Allocation,5
9491,MuSR,Team Allocation,5
9492,MuSR,Team Allocation,5
9493,MuSR,Team Allocation,5
9494,MuSR,Team Allocation,5
9495,MuSR,Team Allocation,5
9496,MuSR,Team Allocation,5
9497,MuSR,Team Allocation,5
9498,MuSR,Team Allocation,5
9499,MuSR,Team Allocation,5
9500,MuSR,Team Allocation,0;5
9501,MuSR,Team Allocation,5
9502,MuSR,Team Allocation,5
9503,MuSR,Team Allocation,5;41
9504,MuSR,Team Allocation,5
9505,MuSR,Team Allocation,5
9506,MuSR,Team Allocation,5
9507,MuSR,Team Allocation,5
9508,MuSR,Team Allocation,5
9509,MuSR,Team Allocation,5
9510,MuSR,Team Allocation,5
9511,MuSR,Team Allocation,5
9512,MuSR,Team Allocation,5
9513,MuSR,Team Allocation,5
9514,MuSR,Team Allocation,5
9515,MuSR,Team Allocation,5
9516,MuSR,Team Allocation,5
9517,MuSR,Team Allocation,5
9518,MuSR,Team Allocation,5
9519,MuSR,Team Allocation,5
9520,MuSR,Team Allocation,5
9521,MuSR,Team Allocation,5;96
9522,MuSR,Team Allocation,5
